id,quantity,total_amount,status,date_id,promotion_id,location_id,product_id,customer_id,shop_id
0,2,1052000.0,completed,20241101,,79,286826,1,2
1,1,2035000.0,completed,20240929,,79,138505,1,2
2,3,17844000.0,completed,20240613,,79,20374,3,1
3,3,3936000.0,completed,20241023,,79,144240,2,2
4,3,1308000.0,completed,20240618,,79,220418,2,2
5,1,635000.0,completed,20241009,,79,101771,1,2
6,2,2934000.0,completed,20240705,1.0,79,123591,1,2
7,3,6612000.0,completed,20241112,,79,209271,2,1
8,3,2376900.0,completed,20240601,2.0,79,268174,2,1
9,3,5763000.0,completed,20240730,,79,199299,2,2
10,1,21190000.0,completed,20241103,,79,242781,1,1
11,3,6630000.0,cancelled,20240731,,79,194808,2,2
12,3,18777000.0,completed,20241006,,79,25917,3,2
13,3,4158000.0,completed,20240719,,79,141676,2,2
14,2,1052000.0,completed,20241030,,79,365781,1,2
15,3,7347000.0,completed,20241113,,79,180412,1,2
16,1,1811000.0,cancelled,20241028,,79,184660,3,2
17,3,25806000.0,completed,20241111,,79,175958,3,1
18,3,1785000.0,cancelled,20241009,,79,222353,2,1
19,2,3240000.0,completed,20241022,,79,163481,2,1
20,3,6924000.0,completed,20241101,,79,69005,2,1
21,3,3764850.0,completed,20241112,2.0,79,63424,1,2
22,1,1331000.0,completed,20240516,,79,89252,2,2
23,3,4176000.0,completed,20241111,,79,230939,3,1
24,3,47658000.0,completed,20241110,,79,18830,3,2
25,1,297000.0,completed,20241024,1.0,79,91515,3,2
26,3,8508000.0,completed,20241011,,79,211816,2,1
27,2,1234000.0,completed,20241026,,79,89197,1,1
28,3,4176000.0,completed,20241110,,79,230939,3,1
29,1,1163000.0,completed,20241111,,79,115481,3,1
30,2,1418000.0,completed,20241108,,79,50364,1,1
31,3,4890000.0,completed,20240808,,79,128372,3,1
32,1,1316700.0,cancelled,20240704,1.0,79,89401,3,2
33,2,2698000.0,cancelled,20240930,,79,109257,3,1
34,3,31770000.0,completed,20240904,,79,152199,2,1
35,3,5292000.0,completed,20240604,,79,102633,2,2
36,3,4335000.0,completed,20241108,,79,89697,1,1
37,2,34118000.0,completed,20241003,,79,205491,2,1
38,1,993000.0,completed,20240818,,79,185080,1,1
39,1,5851000.0,cancelled,20240923,,79,235039,1,1
40,3,1653000.0,completed,20241009,,79,181813,1,1
41,1,1630000.0,completed,20241112,,79,214175,3,1
42,2,1272000.0,completed,20241018,,79,224682,1,1
43,2,3260000.0,completed,20241106,,79,219683,3,1
44,1,749000.0,cancelled,20241112,,79,206895,3,1
45,1,903000.0,completed,20241107,,79,182127,1,2
46,3,53763000.0,completed,20240806,,79,243263,3,1
47,3,4008000.0,cancelled,20240623,,79,19461,1,2
48,3,1578000.0,completed,20240815,,79,169185,2,1
49,1,1555000.0,cancelled,20241008,,79,151161,2,1
50,1,2297000.0,completed,20240830,,79,16049,3,1
51,2,13634000.0,completed,20240917,,79,152332,2,1
52,3,2004000.0,completed,20240115,,79,152051,1,1
53,2,1712000.0,completed,20240703,,79,191179,1,1
54,1,5890000.0,completed,20241020,,79,262975,1,2
55,3,2541000.0,cancelled,20240903,,79,211652,2,1
56,2,4564000.0,completed,20241112,,79,53064,1,1
57,2,10286000.0,completed,20241031,,79,239019,3,1
58,2,3452000.0,completed,20240926,,79,52702,3,1
59,3,5397000.0,completed,20240920,,79,31783,1,2
60,3,1578000.0,completed,20240905,,79,90343,3,2
61,3,4044000.0,completed,20240727,,79,251121,2,1
62,1,796000.0,completed,20241022,,79,217309,2,2
63,3,6015000.0,completed,20240626,,79,176174,2,1
64,1,6220000.0,completed,20240812,,79,253595,3,1
65,3,6414000.0,completed,20241103,,79,175878,2,2
66,2,2170000.0,completed,20240911,,79,263040,2,2
67,2,18382000.0,completed,20240626,,79,242072,1,2
68,3,19482000.0,completed,20240515,,79,158100,1,2
69,1,2339000.0,completed,20240531,,79,90451,2,1
70,1,647000.0,completed,20240922,,79,165034,2,2
71,3,5841000.0,completed,20240821,,79,205800,1,2
72,1,2412000.0,completed,20240623,,79,229758,3,1
73,2,2658000.0,cancelled,20240304,,79,181454,3,2
74,3,4110000.0,completed,20240617,,79,376736,3,2
75,1,3024800.0,completed,20241113,2.0,79,194103,2,1
76,3,1690200.0,completed,20240522,1.0,79,235838,3,1
77,1,1630000.0,completed,20240611,,79,190577,1,1
78,3,3909000.0,completed,20241108,,79,250181,3,1
79,3,4821000.0,completed,20240913,,79,177284,3,1
80,3,9165000.0,cancelled,20241009,,79,180148,2,2
81,1,2169000.0,completed,20241013,,79,191475,3,2
82,1,1302000.0,completed,20240411,,79,209583,3,1
83,2,3340000.0,completed,20241103,,79,200164,3,1
84,3,2037000.0,completed,20240829,,79,156245,1,1
85,3,6717000.0,completed,20240724,,79,379699,2,1
86,3,5673000.0,completed,20241030,,79,273057,3,1
87,1,1833000.0,completed,20241110,,79,185561,3,2
88,2,5900000.0,completed,20240731,,79,106377,1,1
89,2,3260000.0,completed,20241025,,79,239472,2,1
90,3,1692900.0,completed,20240914,1.0,79,257041,1,1
91,3,3651000.0,completed,20241008,,79,219028,2,1
92,3,7986000.0,completed,20240912,,79,236087,2,1
93,3,5067000.0,cancelled,20240519,,79,224828,2,2
94,1,526000.0,cancelled,20240623,,79,89739,3,2
95,1,2204000.0,completed,20240825,,79,142023,3,2
96,1,2934000.0,completed,20240925,,79,261026,1,1
97,2,3178000.0,completed,20240913,,79,52130,1,1
98,1,526000.0,completed,20240929,,79,179775,1,2
99,1,2990000.0,completed,20240930,,79,242775,1,1
100,3,8127000.0,completed,20241004,,79,51534,3,1
101,1,526000.0,completed,20241102,,79,87771,1,2
102,1,526000.0,completed,20241018,,79,227375,2,1
103,3,2463000.0,completed,20240320,,79,533891,1,2
104,1,818000.0,completed,20240830,,79,271451,1,1
105,1,556000.0,completed,20240916,,79,59184,2,2
106,3,4344000.0,completed,20241019,,79,173632,2,1
107,2,3334000.0,completed,20240518,,79,105671,3,1
108,1,1295000.0,completed,20240818,,79,124757,1,2
109,2,1326000.0,completed,20241018,,79,115399,2,1
110,1,803000.0,completed,20241108,,79,191498,2,1
111,1,2264000.0,completed,20241007,,79,175862,2,1
112,1,2496000.0,completed,20241029,,79,78849,3,1
113,1,10590000.0,completed,20240815,,79,152199,1,1
114,3,47882850.0,completed,20240517,2.0,79,190419,2,1
115,3,9153000.0,completed,20241106,,79,185973,3,1
116,2,1378000.0,completed,20240917,,79,257676,2,2
117,3,7413000.0,completed,20240916,,79,32202,2,2
118,1,61868000.0,completed,20241111,,79,381620,3,2
119,3,8247000.0,completed,20240607,,79,151465,1,2
120,3,8382000.0,completed,20241010,,79,274439,2,2
121,1,526000.0,completed,20241024,,79,329368,3,1
122,3,2775000.0,completed,20241019,,79,265988,3,2
123,1,1791000.0,completed,20241013,,79,267979,1,2
124,1,37316000.0,completed,20240930,,79,201767,2,1
125,2,3342000.0,cancelled,20241017,,79,123247,2,1
126,2,6578000.0,completed,20241005,,79,24492,2,2
127,1,749000.0,completed,20240920,,79,191358,3,1
128,3,33360000.0,completed,20240930,,79,204242,1,2
129,3,4125000.0,completed,20240702,,79,223971,2,2
130,3,2454000.0,completed,20241102,,79,225783,3,2
131,3,44364000.0,completed,20241025,,79,200621,1,2
132,2,1336000.0,completed,20240817,,79,200839,1,1
133,2,1850000.0,completed,20240810,,79,217657,1,1
134,1,1613000.0,completed,20240531,,79,141940,1,2
135,3,2795850.0,cancelled,20240727,2.0,79,172489,1,2
136,1,2510000.0,completed,20240720,,79,257360,2,1
137,3,4176000.0,completed,20240813,,79,230939,1,1
138,3,4248000.0,cancelled,20240817,,79,233221,3,1
139,1,5656300.0,completed,20240820,2.0,79,140954,1,2
140,2,4344000.0,completed,20240702,,79,226486,2,2
141,3,3834000.0,cancelled,20241101,,79,161249,2,1
142,3,27573000.0,completed,20241007,,79,242072,1,2
143,1,9414000.0,completed,20240911,,79,153392,3,1
144,3,5331000.0,completed,20240813,,79,176536,2,1
145,1,1207450.0,cancelled,20240904,2.0,79,211397,3,1
146,3,4125000.0,completed,20240424,,79,91502,2,2
147,3,1578000.0,completed,20240310,,79,89378,3,2
148,3,4248000.0,completed,20240703,,79,233221,3,1
149,2,1564000.0,completed,20240905,,79,98046,3,2
150,3,7488000.0,completed,20241017,,79,78849,1,1
151,3,6417000.0,completed,20241020,,79,231073,1,2
152,1,3939000.0,completed,20240726,,79,19841,2,2
153,1,399000.0,completed,20240522,,79,217960,2,2
154,2,1586000.0,completed,20240920,,79,264971,1,2
155,1,526000.0,completed,20241109,,79,178618,1,1
156,2,23146000.0,completed,20240903,,79,146493,1,1
157,1,1630000.0,completed,20240602,,79,90057,3,1
158,1,3267000.0,completed,20240926,,79,162287,1,2
159,2,3260000.0,completed,20241109,,79,100709,2,2
160,2,3288000.0,cancelled,20240913,,79,196307,1,1
161,3,3243000.0,completed,20240623,,79,227785,2,2
162,1,526000.0,completed,20240926,,79,180804,2,1
163,3,10710000.0,completed,20240427,,79,251921,2,2
164,3,5601000.0,cancelled,20241112,,79,200998,3,2
165,2,1454000.0,completed,20240716,,79,222246,1,1
166,1,2670000.0,completed,20241018,,79,229328,1,1
167,3,28363500.0,completed,20240906,1.0,79,177368,3,2
168,1,5210000.0,completed,20241106,,79,183274,1,1
169,1,2852000.0,completed,20240623,,79,133100,1,2
170,3,6330000.0,completed,20241109,,79,44650,1,1
171,2,1498000.0,completed,20240525,,79,209868,1,1
172,3,12207000.0,completed,20241103,,79,179181,3,1
173,1,9614000.0,cancelled,20240909,,79,19776,3,1
174,3,3489000.0,completed,20241007,,79,188735,3,1
175,1,2330000.0,completed,20240815,,79,54797,3,2
176,3,2775000.0,cancelled,20240619,,79,217657,2,1
177,3,9984000.0,cancelled,20240404,,79,204994,2,1
178,1,1192250.0,completed,20240427,2.0,79,264560,2,2
179,2,98184000.0,completed,20240607,,79,201561,1,2
180,1,2154000.0,completed,20240811,,79,211251,1,1
181,1,3090350.0,cancelled,20241105,2.0,79,234192,3,1
182,1,685000.0,cancelled,20240323,,79,238060,1,1
183,1,1101000.0,completed,20241109,,79,221334,1,1
184,1,2552000.0,completed,20241111,,79,148228,3,1
185,1,526000.0,completed,20240505,,79,66853,2,2
186,3,8247000.0,completed,20241029,,79,151465,3,2
187,1,7500000.0,completed,20241018,,79,377520,1,2
188,3,1578000.0,completed,20240811,,79,119430,2,2
189,1,718000.0,completed,20241022,,79,140503,3,1
190,3,5691000.0,completed,20241019,,79,203971,2,1
191,2,5294000.0,completed,20240925,,79,139169,2,2
192,3,2346000.0,completed,20240510,,79,98046,1,2
193,3,3243000.0,completed,20241020,,79,227785,3,2
194,2,1190000.0,completed,20241015,,79,90376,1,1
195,1,5948000.0,cancelled,20240522,,79,20374,1,1
196,3,4890000.0,completed,20241001,,79,205693,2,2
197,3,6942000.0,completed,20241019,,79,197487,3,2
198,1,676000.0,completed,20240603,,79,75647,1,2
199,3,1578000.0,completed,20240613,,79,195154,2,2
200,3,2577000.0,completed,20241109,,79,142760,3,1
201,3,4890000.0,completed,20240812,,79,152274,1,2
202,3,5181300.0,completed,20241112,2.0,79,73414,1,2
203,1,668000.0,completed,20241021,,79,221117,3,1
204,1,526000.0,completed,20240812,,79,83063,2,2
205,2,1548000.0,completed,20240531,,79,85413,2,1
206,3,3951000.0,completed,20241030,,79,213370,2,1
207,3,6228000.0,cancelled,20240723,,79,267137,1,1
208,1,3392000.0,completed,20240725,,79,20609,2,2
209,3,5655000.0,completed,20241105,,79,169208,3,1
210,2,1336000.0,completed,20241108,,79,181510,1,2
211,3,5457000.0,cancelled,20240907,,79,66934,2,2
212,3,2100000.0,cancelled,20241106,,79,237761,1,1
213,2,1658000.0,completed,20241112,,79,98276,2,1
214,3,1578000.0,completed,20241109,,79,256258,2,2
215,3,6503700.0,completed,20241028,2.0,79,54275,1,1
216,1,3622000.0,completed,20241110,,79,195782,2,1
217,3,4878000.0,completed,20240604,,79,98425,2,2
218,1,4248000.0,completed,20240320,,79,213536,3,2
219,2,4838000.0,completed,20240730,,79,91314,3,1
220,3,2268000.0,completed,20241104,,79,89058,1,1
221,3,5766000.0,completed,20240323,,79,221388,1,2
222,3,31779000.0,cancelled,20240731,,79,143127,3,1
223,2,7764000.0,completed,20241113,,79,110966,1,2
224,1,1348000.0,completed,20240611,,79,210855,3,1
225,2,3260000.0,completed,20240910,,79,1712,1,2
226,1,1055700.0,completed,20240530,1.0,79,104459,2,1
227,1,1416000.0,completed,20241007,,79,233221,1,1
228,2,1214000.0,completed,20240913,,79,171944,3,1
229,2,3260000.0,completed,20240722,,79,185628,2,1
230,2,3542000.0,completed,20240810,,79,156575,2,1
231,2,2887200.0,completed,20241020,1.0,79,265533,2,2
232,1,1278000.0,completed,20240831,,79,161249,1,1
233,2,4238000.0,completed,20241107,,79,213650,3,2
234,2,3700000.0,completed,20240901,,79,215434,3,2
235,1,2427250.0,completed,20241029,2.0,79,149007,1,1
236,2,2942000.0,completed,20241111,,79,266676,1,2
237,1,1139000.0,completed,20241018,,79,95377,3,1
238,3,4284000.0,completed,20240505,,79,228866,2,1
239,3,8991000.0,completed,20241108,,79,204735,2,1
240,3,1962000.0,completed,20241103,,79,260958,1,1
241,3,8739000.0,completed,20241010,,79,124150,3,1
242,1,1113000.0,completed,20241107,,79,150263,3,2
243,3,8721000.0,cancelled,20241009,,79,20982,1,2
244,2,11918000.0,cancelled,20241111,,79,277523,2,2
245,1,1665000.0,cancelled,20240528,,79,250496,2,2
246,3,2088000.0,completed,20240924,,79,218168,3,2
247,2,4398000.0,completed,20240919,,79,13410,3,2
248,1,940000.0,completed,20240824,,79,81322,1,2
249,1,1183000.0,completed,20240823,,79,105582,1,1
250,2,1756000.0,completed,20240503,,79,140372,1,1
251,1,526000.0,cancelled,20240524,,79,225727,2,2
252,1,1630000.0,completed,20240611,,79,152744,2,1
253,3,2178000.0,completed,20240824,,79,184387,3,1
254,2,1234000.0,completed,20241020,,79,218652,3,1
255,3,1728000.0,completed,20240408,,79,134553,2,2
256,2,1070000.0,completed,20241110,,79,242554,2,1
257,3,4815000.0,completed,20241023,,79,458880,2,2
258,1,2274000.0,completed,20241111,,79,215300,2,1
259,2,43650000.0,completed,20240410,,79,239781,2,1
260,2,5528000.0,completed,20240717,,79,123196,3,2
261,2,798000.0,cancelled,20240929,,79,151514,2,2
262,1,1630000.0,cancelled,20240808,,79,217322,3,2
263,1,1014000.0,completed,20241112,,79,204652,3,2
264,1,12631000.0,completed,20240628,,79,256943,1,1
265,3,5862000.0,completed,20240823,,79,145485,1,2
266,3,6906000.0,cancelled,20240921,,79,199437,1,1
267,1,526000.0,completed,20240930,,79,118147,2,1
268,2,3700000.0,completed,20240727,,79,215434,1,2
269,3,4071000.0,cancelled,20240912,,79,171529,2,2
270,3,3084000.0,cancelled,20240304,,79,286545,3,2
271,2,3465600.0,completed,20241101,2.0,79,111207,3,2
272,1,526000.0,completed,20240629,,79,180804,2,1
273,3,4863000.0,completed,20240925,,79,228163,3,1
274,1,1275000.0,completed,20240902,,79,51786,3,2
275,3,5382000.0,completed,20240903,,79,88937,3,2
276,3,69006000.0,completed,20241012,,79,179338,2,1
277,2,3424000.0,completed,20241109,,79,207045,1,1
278,2,2786000.0,completed,20240929,,79,148011,3,1
279,3,53763000.0,completed,20241031,,79,243263,1,1
280,1,1585000.0,completed,20241103,,79,27193,2,2
281,2,5240000.0,cancelled,20240824,,79,197513,2,1
282,1,609000.0,completed,20240802,,79,181882,2,2
283,2,3734000.0,completed,20241101,,79,256745,3,2
284,1,2714000.0,completed,20240707,,79,90377,2,2
285,2,2128000.0,completed,20241031,,79,230897,2,2
286,1,671000.0,completed,20240708,,79,219033,1,2
287,2,4119200.0,completed,20241024,2.0,79,19205,3,2
288,3,6507000.0,completed,20241005,,79,191475,2,2
289,1,17688000.0,completed,20240806,,79,200598,1,1
290,3,3084000.0,completed,20240824,,79,98735,1,1
291,3,39891000.0,completed,20240505,,79,167067,3,1
292,2,2170000.0,completed,20240806,,79,97660,3,1
293,2,4980000.0,completed,20241027,,79,198296,2,2
294,2,2896000.0,completed,20240502,,79,173632,2,1
295,2,2192000.0,completed,20241109,,79,246686,2,2
296,2,2410000.0,completed,20241101,,79,11975,3,1
297,2,1446000.0,completed,20240701,,79,108218,3,1
298,3,3048000.0,completed,20240812,,79,208217,3,2
299,2,2502000.0,completed,20241103,,79,132969,3,1
300,3,2514000.0,completed,20241024,,79,235037,3,2
301,1,3114000.0,cancelled,20240414,,79,194798,2,1
302,3,54219000.0,completed,20241001,,79,139086,3,2
303,1,1899000.0,cancelled,20241108,,79,19648,3,2
304,3,2388000.0,completed,20240831,,79,31765,3,2
305,1,526000.0,completed,20241010,,79,97760,1,1
306,1,1017000.0,completed,20240530,,79,235361,3,1
307,1,473400.0,completed,20240924,1.0,79,271574,3,1
308,3,7900200.0,completed,20241112,2.0,79,54877,2,2
309,1,655000.0,completed,20240808,,79,109013,1,2
310,1,617000.0,completed,20240501,,79,232076,2,1
311,1,1630000.0,completed,20240917,,79,269312,2,1
312,2,7140000.0,completed,20240817,,79,251921,2,2
313,2,5704000.0,completed,20241001,,79,133100,1,2
314,2,1052000.0,completed,20240715,,79,197194,3,2
315,1,12021300.0,completed,20241024,1.0,79,196356,2,2
316,3,1578000.0,completed,20240316,,79,268827,1,2
317,1,1630000.0,completed,20240410,,79,273068,2,1
318,3,4131000.0,completed,20240421,,79,190282,3,2
319,2,1052000.0,completed,20240914,,79,356705,2,2
320,2,3888000.0,completed,20240228,,79,59504,2,2
321,1,676000.0,completed,20240916,,79,260655,3,1
322,1,3369000.0,completed,20241104,,79,247502,2,2
323,1,1413000.0,completed,20241110,,79,87713,1,2
324,3,3270000.0,completed,20241102,,79,187780,1,1
325,3,1836000.0,completed,20241019,,79,98219,3,2
326,2,2566000.0,completed,20240702,,79,124990,3,2
327,3,3753000.0,completed,20240909,,79,132969,1,1
328,3,7785000.0,completed,20241026,,79,51023,2,2
329,1,2484000.0,cancelled,20240828,,79,23132,1,2
330,1,1475000.0,completed,20240604,,79,19147,2,1
331,3,1827000.0,completed,20240915,,79,39144,3,2
332,3,12366000.0,completed,20240928,,79,229838,1,1
333,3,4053000.0,completed,20240806,,79,259472,2,2
334,1,2764000.0,cancelled,20240616,,79,123196,2,2
335,2,1564000.0,completed,20240509,,79,98046,1,2
336,3,2820000.0,completed,20240717,,79,116360,3,1
337,3,53064000.0,completed,20240923,,79,200598,2,1
338,3,4089000.0,completed,20240416,,79,67047,1,2
339,2,2872000.0,completed,20241107,,79,199100,3,1
340,2,2163600.0,completed,20240725,1.0,79,31688,2,1
341,2,3260000.0,completed,20241019,,79,273068,2,1
342,3,30594000.0,completed,20240525,,79,376002,2,2
343,1,612000.0,completed,20241113,,79,193116,1,2
344,2,5458000.0,completed,20241017,,79,174959,2,1
345,1,1763100.0,completed,20241108,1.0,79,205739,1,2
346,1,1272000.0,completed,20241110,,79,179450,2,1
347,3,8991000.0,completed,20240209,,79,204735,3,1
348,1,756000.0,completed,20241024,,79,149108,1,2
349,1,903000.0,completed,20241013,,79,255022,1,2
350,3,4890000.0,completed,20240827,,79,236964,1,1
351,2,2604000.0,cancelled,20240815,,79,205740,1,2
352,3,53064000.0,completed,20240828,,79,200598,3,1
353,1,2968000.0,completed,20240810,,79,173880,1,2
354,2,1394000.0,completed,20241007,,79,258561,1,1
355,2,3592000.0,completed,20240922,,79,145345,2,2
356,1,908000.0,completed,20241012,,79,243683,1,2
357,3,4722000.0,completed,20241024,,79,38800,1,2
358,3,35199000.0,completed,20240712,,79,124186,1,2
359,2,75806000.0,cancelled,20240210,,79,140514,3,2
360,1,655000.0,completed,20240321,,79,109013,2,2
361,1,1003000.0,completed,20240722,,79,178870,2,1
362,2,46004000.0,completed,20240906,,79,179338,2,1
363,1,1453000.0,completed,20240903,,79,58829,1,1
364,1,1620000.0,completed,20241006,,79,222138,1,2
365,2,2170000.0,cancelled,20240904,,79,97660,1,1
366,1,12073000.0,completed,20241029,,79,176589,1,2
367,1,830000.0,completed,20240525,,79,12170,3,1
368,1,1525000.0,cancelled,20240507,,79,215388,1,2
369,1,932000.0,completed,20240424,,79,145920,3,1
370,1,526000.0,completed,20240829,,79,181779,1,1
371,1,15877000.0,completed,20240929,,79,191350,2,1
372,3,3009000.0,completed,20240725,,79,178870,2,1
373,2,1512000.0,completed,20240812,,79,149108,2,2
374,2,1318000.0,cancelled,20240907,,79,85815,3,2
375,1,2308000.0,completed,20241008,,79,230039,1,1
376,3,5331000.0,completed,20241112,,79,176536,2,1
377,2,2762000.0,cancelled,20241016,,79,62292,3,2
378,3,65805000.0,completed,20240917,,79,173432,2,1
379,2,1290000.0,completed,20241104,,79,105900,1,1
380,2,3097000.0,cancelled,20241108,2.0,79,88796,1,1
381,2,1782000.0,completed,20240705,,79,186103,3,2
382,3,2151900.0,completed,20240609,1.0,79,214588,2,2
383,3,2337000.0,completed,20241025,2.0,79,128152,3,1
384,3,19692000.0,completed,20240910,,79,365067,3,2
385,2,3484000.0,completed,20241016,,79,204083,1,2
386,2,2550000.0,completed,20240714,,79,51786,2,2
387,1,609000.0,completed,20241104,,79,225903,1,2
388,1,950000.0,completed,20241031,,79,163524,3,2
389,1,5901000.0,completed,20240321,,79,235396,2,1
390,3,42744000.0,completed,20240608,,79,379788,1,2
391,1,1780000.0,completed,20240825,,79,60779,1,1
392,1,1428000.0,completed,20240409,,79,156583,2,2
393,1,516000.0,completed,20241017,,79,186114,3,2
394,3,3141000.0,completed,20241023,,79,193626,1,1
395,2,4186000.0,completed,20240603,,79,26143,3,2
396,2,2820000.0,completed,20240619,,79,225058,3,2
397,1,706000.0,completed,20241031,,79,145422,3,1
398,3,2391000.0,completed,20240623,,79,168437,2,1
399,2,49674000.0,completed,20240806,,79,197664,3,2
400,2,744000.0,completed,20240714,,79,106886,1,2
401,3,2004000.0,completed,20241113,,79,200839,2,1
402,3,3729000.0,completed,20241030,,79,22045,2,2
403,2,3260000.0,completed,20240904,,79,141322,1,2
404,2,2010600.0,completed,20240830,1.0,79,88969,3,2
405,3,8127000.0,cancelled,20240404,,79,51534,1,1
406,2,20256000.0,cancelled,20240229,,79,167246,1,1
407,2,4838000.0,cancelled,20240820,,79,203334,3,2
408,3,17748000.0,completed,20241003,,79,210626,1,1
409,1,1340000.0,completed,20241020,,79,176659,2,1
410,1,3164000.0,completed,20241005,,79,19971,1,1
411,3,4536000.0,completed,20241002,,79,99388,1,1
412,2,3136000.0,completed,20240812,,79,106993,1,2
413,1,1163000.0,completed,20240901,,79,207021,1,2
414,3,9036000.0,cancelled,20241001,,79,17492,1,1
415,1,1720000.0,completed,20241102,,79,41102,3,2
416,1,526000.0,completed,20240805,,79,235912,3,1
417,1,17994000.0,completed,20241012,,79,146399,2,2
418,2,4276000.0,completed,20240605,,79,175878,2,2
419,3,8904000.0,completed,20240907,,79,22168,2,2
420,3,12881700.0,completed,20241024,1.0,79,51575,1,1
421,1,612000.0,completed,20241005,,79,215842,3,2
422,3,1941000.0,completed,20240220,,79,231200,3,1
423,2,2946600.0,completed,20240731,1.0,79,24350,3,2
424,1,6220000.0,completed,20240723,,79,253595,3,1
425,1,1574000.0,completed,20240428,,79,50561,1,2
426,1,2483000.0,cancelled,20241004,,79,103620,2,1
427,2,1682000.0,completed,20241109,,79,88764,2,2
428,3,4326000.0,cancelled,20241021,,79,147924,3,2
429,2,1234000.0,completed,20240615,,79,232076,1,1
430,3,5550000.0,completed,20241002,,79,215434,1,2
431,2,3440000.0,completed,20241102,,79,41102,1,2
432,2,1850000.0,completed,20241014,,79,217657,1,1
433,1,615000.0,completed,20241101,,79,96697,3,1
434,2,22850000.0,completed,20241112,,79,166691,2,1
435,3,16485000.0,cancelled,20241011,,79,226268,1,2
436,3,2943000.0,completed,20240601,,79,210676,1,1
437,2,5588000.0,completed,20240418,,79,59774,2,2
438,2,1052000.0,completed,20241109,,79,143891,2,2
439,3,3366000.0,completed,20240729,,79,137298,3,2
440,1,2662000.0,completed,20241109,,79,236087,3,1
441,3,5724000.0,completed,20241107,,79,148682,1,1
442,3,2397000.0,cancelled,20241109,,79,187294,3,1
443,2,5308600.0,completed,20240608,2.0,79,274029,3,1
444,2,3548000.0,cancelled,20241104,,79,84865,2,1
445,1,1665000.0,completed,20240803,,79,133554,1,2
446,1,526000.0,completed,20240305,,79,103488,2,2
447,3,1578000.0,completed,20241026,,79,98221,2,1
448,1,1827000.0,completed,20240223,,79,103696,1,1
449,3,2487000.0,completed,20240524,,79,143473,1,2
450,2,1548000.0,completed,20240710,,79,123605,3,2
451,2,4796000.0,completed,20241030,,79,32014,3,2
452,3,2445000.0,completed,20240828,,79,158061,2,2
453,2,5224000.0,completed,20241109,,79,264174,3,2
454,3,1578000.0,completed,20240704,,79,164167,3,2
455,3,1821000.0,completed,20241105,,79,75434,2,2
456,1,2115000.0,completed,20240509,,79,19403,1,2
457,3,5649000.0,completed,20241017,,79,25952,1,2
458,1,526000.0,completed,20240816,,79,82736,1,1
459,1,1448000.0,completed,20241107,,79,64598,2,1
460,1,1457000.0,completed,20241012,,79,241488,2,2
461,3,6774000.0,cancelled,20241113,,79,37581,3,2
462,3,5457000.0,completed,20240724,,79,55015,2,1
463,2,2560000.0,completed,20240517,,79,20293,1,2
464,1,15960950.0,cancelled,20240513,2.0,79,190419,2,1
465,3,2952000.0,completed,20240622,,79,89828,1,1
466,1,847000.0,cancelled,20241011,,79,211652,3,1
467,1,2471000.0,completed,20240414,,79,32202,1,2
468,2,80470000.0,completed,20241104,,79,196100,1,1
469,3,4465800.0,completed,20241017,1.0,79,205619,2,2
470,1,1833000.0,completed,20240619,,79,139632,1,2
471,3,1197000.0,completed,20240831,,79,151514,2,2
472,3,8496000.0,cancelled,20241007,,79,148797,1,2
473,1,17059000.0,completed,20241106,,79,205491,3,1
474,1,2078000.0,completed,20240910,,79,198568,2,2
475,3,17748000.0,completed,20240905,,79,210626,1,1
476,1,697000.0,completed,20240712,,79,258561,3,1
477,1,6576000.0,completed,20241008,,79,234670,3,1
478,2,2080000.0,completed,20240805,,79,186141,1,1
479,3,1578000.0,completed,20240503,,79,85784,1,1
480,3,1920000.0,cancelled,20241101,,79,277588,1,1
481,2,3260000.0,completed,20241001,,79,82284,1,2
482,2,1340000.0,completed,20241109,,79,265002,3,1
483,3,1563000.0,completed,20240709,,79,230512,3,1
484,3,2142000.0,completed,20240905,,79,248101,1,2
485,3,4260000.0,cancelled,20240324,,79,231163,2,2
486,1,2852000.0,completed,20241108,,79,133100,1,2
487,1,1029000.0,completed,20240520,,79,96784,2,1
488,2,1214000.0,completed,20240727,,79,75434,2,2
489,2,4838000.0,completed,20240928,,79,91314,1,1
490,3,5154000.0,completed,20241004,,79,126954,2,2
491,3,5673000.0,completed,20241104,,79,207485,3,2
492,1,796000.0,completed,20240724,,79,170553,1,1
493,1,2613600.0,completed,20241101,1.0,79,19683,2,2
494,2,2168000.0,completed,20240327,,79,248679,1,2
495,3,2223000.0,completed,20241107,,79,218143,3,2
496,3,50664000.0,completed,20241111,,79,241848,3,2
497,1,782800.0,completed,20240920,2.0,79,181727,3,2
498,2,1378000.0,completed,20241008,,79,203110,3,1
499,2,2137500.0,completed,20241102,2.0,79,270336,3,1
500,1,661000.0,completed,20240715,,79,227600,3,2
501,2,1094400.0,completed,20241027,2.0,79,108015,2,2
502,2,3734000.0,completed,20241024,,79,200998,1,2
503,1,940000.0,completed,20240820,,79,81322,2,2
504,3,1578000.0,cancelled,20240611,,79,227953,2,2
505,3,2424000.0,cancelled,20240919,,79,58691,1,2
506,2,3260000.0,completed,20240727,,79,86198,2,1
507,2,1622000.0,completed,20240922,,79,303481,3,2
508,3,2154000.0,completed,20240804,,79,149999,3,2
509,1,1474000.0,completed,20241029,,79,385222,3,2
510,3,5682000.0,completed,20240531,,79,241127,2,1
511,1,2354400.0,completed,20240901,1.0,79,43355,3,2
512,2,5702000.0,completed,20240901,,79,66315,1,1
513,1,2140000.0,completed,20240909,,79,21771,1,1
514,1,3949000.0,completed,20240815,,79,192962,2,1
515,3,47882850.0,completed,20240704,2.0,79,190419,1,1
516,1,526000.0,completed,20240502,,79,282047,1,1
517,2,5278000.0,completed,20241109,,79,216139,1,2
518,3,1593000.0,completed,20240810,1.0,79,236789,3,2
519,1,1085000.0,completed,20241008,,79,31672,1,2
520,2,55680000.0,cancelled,20240920,,79,171829,1,1
521,2,1052000.0,cancelled,20240310,,79,158947,2,2
522,2,1392000.0,completed,20241002,,79,218168,2,2
523,3,25896000.0,completed,20240627,,79,162796,2,1
524,3,4017000.0,completed,20241107,,79,246472,1,1
525,2,1348000.0,completed,20240704,,79,31684,2,1
526,3,1499100.0,cancelled,20240325,2.0,79,140148,1,1
527,2,9312000.0,completed,20240803,,79,243428,3,1
528,1,17059000.0,completed,20241004,,79,205491,2,1
529,2,4404000.0,completed,20240809,,79,89193,3,1
530,3,1992000.0,completed,20240918,,79,255894,3,1
531,1,1614600.0,completed,20241101,1.0,79,277673,3,2
532,1,1192250.0,completed,20240828,2.0,79,264560,2,2
533,1,14150000.0,completed,20240607,,79,177551,3,1
534,2,1554000.0,cancelled,20240929,,79,142302,1,2
535,1,1284000.0,completed,20240713,,79,145253,2,1
536,3,2049000.0,cancelled,20241018,,79,98880,3,2
537,3,4152450.0,completed,20240713,2.0,79,211047,3,1
538,1,1582000.0,completed,20240809,,79,53337,3,1
539,1,1084000.0,completed,20240831,,79,177896,3,2
540,1,2204000.0,completed,20240719,,79,209271,3,1
541,1,12319000.0,completed,20240713,,79,176973,3,2
542,3,5319000.0,completed,20240904,,79,165018,2,1
543,2,3800000.0,cancelled,20240712,2.0,79,109039,2,2
544,1,1947000.0,completed,20241105,,79,205800,1,2
545,1,3492000.0,completed,20241110,,79,192947,2,2
546,3,1578000.0,completed,20241102,,79,83063,1,2
547,2,4338000.0,completed,20240812,,79,175361,3,2
548,1,526000.0,completed,20241019,,79,268143,1,1
549,2,4992000.0,completed,20240422,,79,78849,2,1
550,2,5546000.0,completed,20240802,,79,101787,2,2
551,3,5001000.0,cancelled,20240916,,79,356775,2,1
552,2,4592000.0,completed,20240426,,79,177962,2,2
553,3,3984000.0,completed,20240817,,79,159454,1,1
554,3,3912000.0,completed,20240823,,79,39180,2,1
555,2,5340000.0,completed,20240420,,79,229328,2,1
556,1,2282000.0,completed,20240710,,79,53064,2,1
557,3,12963000.0,completed,20240727,,79,182929,3,1
558,3,23910000.0,completed,20240903,,79,146319,3,1
559,3,5073000.0,completed,20240725,,79,193035,1,1
560,2,31526000.0,completed,20241022,,79,238492,1,2
561,3,5601000.0,completed,20240916,,79,200998,3,2
562,2,2840000.0,completed,20240830,,79,231163,1,2
563,2,7596000.0,completed,20240714,,79,179853,1,2
564,2,1962000.0,completed,20240318,,79,102766,3,2
565,2,1640000.0,cancelled,20240809,,79,110128,2,2
566,3,50664000.0,completed,20241017,,79,241848,3,2
567,1,1819000.0,completed,20240922,,79,66934,1,2
568,1,685000.0,completed,20241017,,79,90255,3,1
569,1,7801000.0,completed,20240830,,79,221319,3,2
570,2,3148000.0,completed,20241006,,79,38800,2,2
571,2,4926000.0,completed,20240514,,79,78291,2,1
572,1,1777000.0,completed,20240627,,79,176536,2,1
573,1,985000.0,completed,20240926,,79,105724,1,2
574,2,3376000.0,completed,20240710,,79,59192,2,2
575,2,2950000.0,completed,20240826,,79,263711,3,1
576,1,1894000.0,completed,20241113,,79,97125,1,1
577,3,2943000.0,completed,20241104,,79,210676,1,1
578,3,13272000.0,completed,20241020,,79,32277,2,1
579,2,3560000.0,completed,20241110,,79,205136,2,1
580,2,3588000.0,completed,20241006,,79,201314,1,1
581,2,1328000.0,completed,20241017,,79,59208,1,2
582,2,5166000.0,completed,20241111,,79,23800,3,2
583,2,2618000.0,completed,20240709,,79,215954,3,1
584,1,526000.0,completed,20240706,,79,139220,1,1
585,2,6024900.0,completed,20240130,2.0,79,216509,1,2
586,3,3216000.0,completed,20240112,,79,209460,3,2
587,2,1052000.0,completed,20240916,,79,268143,3,1
588,3,10710000.0,completed,20241112,,79,251921,3,2
589,1,666000.0,completed,20240830,,79,176661,3,1
590,2,946000.0,cancelled,20240810,,79,188215,3,1
591,1,1577000.0,completed,20241107,,79,236589,2,2
592,1,836950.0,completed,20241111,2.0,79,264326,3,2
593,3,4605000.0,completed,20240630,,79,19336,3,2
594,1,706000.0,completed,20241104,,79,274316,1,2
595,1,741000.0,cancelled,20241023,,79,218143,1,2
596,2,2714000.0,completed,20241031,,79,224860,1,2
597,1,803000.0,completed,20241024,,79,181353,3,2
598,2,1180000.0,completed,20241103,,79,198732,2,1
599,3,1926000.0,completed,20240804,,79,252991,3,2
600,1,1624000.0,completed,20240326,,79,102868,3,2
601,3,4890000.0,completed,20240806,,79,173607,1,1
602,2,12206000.0,cancelled,20241022,,79,266749,1,2
603,1,4515000.0,completed,20241105,,79,177744,2,1
604,3,4299000.0,completed,20241023,,79,267376,3,2
605,1,2211000.0,completed,20241015,,79,173986,3,2
606,3,2013000.0,completed,20240930,,79,219033,2,2
607,3,2928000.0,completed,20240902,,79,125528,2,2
608,2,5528000.0,completed,20241112,,79,123196,3,2
609,1,824000.0,completed,20240701,,79,187663,1,1
610,1,1226700.0,completed,20240603,1.0,79,124334,3,1
611,1,13023000.0,completed,20241010,,79,219689,3,1
612,2,1230000.0,completed,20240621,,79,251991,3,1
613,1,18073000.0,completed,20241024,,79,139086,1,2
614,3,6297000.0,completed,20240916,,79,202911,2,1
615,3,2925000.0,completed,20241011,,79,91067,3,2
616,3,6738000.0,completed,20240915,,79,378641,2,1
617,2,4190000.0,cancelled,20241105,,79,54833,3,2
618,1,459000.0,completed,20240905,1.0,79,231882,3,2
619,1,1811000.0,completed,20240217,,79,190759,1,1
620,2,9610000.0,completed,20241029,,79,161051,2,2
621,3,5868000.0,completed,20240612,,79,53640,2,2
622,1,1226700.0,completed,20241112,1.0,79,124334,3,1
623,3,1578000.0,completed,20241003,,79,225727,2,2
624,3,17904000.0,completed,20240924,,79,19245,1,1
625,2,3424000.0,completed,20241007,,79,207045,1,1
626,3,891000.0,completed,20240524,1.0,79,91515,3,2
627,3,5481000.0,completed,20241014,,79,160125,1,2
628,3,11748000.0,completed,20240930,,79,21388,2,2
629,3,51177000.0,completed,20240901,,79,207160,3,2
630,2,5112900.0,completed,20241102,1.0,79,101683,1,2
631,1,609000.0,completed,20241002,,79,39144,1,2
632,2,1950000.0,completed,20240402,,79,277728,1,1
633,1,17103000.0,completed,20240913,,79,354020,3,2
634,3,3507000.0,cancelled,20240915,,79,32714,2,1
635,3,6108000.0,completed,20240623,,79,83723,2,2
636,3,4422000.0,completed,20240722,,79,383024,3,1
637,1,526000.0,completed,20240714,,79,262213,3,2
638,3,6846000.0,completed,20241023,,79,53064,1,1
639,3,9036000.0,cancelled,20241003,,79,17492,3,1
640,3,4686000.0,completed,20240605,,79,150523,1,2
641,1,3905000.0,completed,20241013,,79,255085,2,2
642,3,3507000.0,completed,20240713,,79,32714,1,1
643,3,2079000.0,completed,20240723,,79,269383,2,2
644,2,2908000.0,completed,20240609,,79,192776,3,1
645,3,3939000.0,cancelled,20241020,,79,198424,3,2
646,1,770000.0,completed,20240920,,79,176865,3,2
647,2,1052000.0,completed,20240618,,79,118705,3,2
648,2,3384000.0,completed,20240817,,79,51114,3,2
649,2,4062000.0,completed,20241107,,79,213189,1,2
650,1,1630000.0,completed,20241015,,79,212116,1,1
651,3,4380000.0,completed,20241006,,79,19805,3,2
652,2,1052000.0,completed,20241031,,79,193838,1,1
653,1,749000.0,completed,20241111,,79,222578,1,1
654,3,5604000.0,completed,20241113,,79,181399,3,1
655,2,1052000.0,completed,20240701,,79,103679,3,2
656,1,1338000.0,completed,20241108,,79,27420,3,2
657,1,7329000.0,cancelled,20241102,,79,144585,2,2
658,3,1992000.0,completed,20240731,,79,255894,2,1
659,2,3844000.0,completed,20240811,,79,221388,2,2
660,3,4188000.0,completed,20241024,,79,161761,1,1
661,2,10164000.0,cancelled,20241102,,79,206897,1,1
662,2,2006000.0,completed,20240521,,79,178870,1,1
663,1,951300.0,completed,20240902,1.0,79,99079,1,1
664,1,1363000.0,completed,20240728,,79,22681,1,1
665,3,1578000.0,completed,20240919,,79,181330,2,1
666,1,18073000.0,completed,20240831,,79,139086,3,2
667,2,10812000.0,completed,20240902,,79,567380,1,1
668,1,808000.0,completed,20240930,,79,84677,3,2
669,3,7011000.0,completed,20240413,,79,83496,1,1
670,1,526000.0,cancelled,20241023,,79,164167,2,2
671,1,16869000.0,completed,20240930,,79,207412,3,2
672,2,6126000.0,completed,20240629,,79,218822,2,2
673,2,1032000.0,completed,20240603,,79,186114,2,2
674,3,1578000.0,completed,20241005,,79,187135,1,1
675,3,3087000.0,completed,20240804,,79,96784,1,1
676,3,2022000.0,completed,20241013,,79,31684,3,1
677,1,1618800.0,completed,20241110,2.0,79,144904,1,2
678,3,1578000.0,completed,20241102,,79,158028,3,2
679,2,1052000.0,completed,20240715,,79,82736,1,1
680,1,2480000.0,cancelled,20241020,,79,125526,2,1
681,2,5240000.0,completed,20241011,,79,177944,2,2
682,3,46836000.0,completed,20240807,,79,208479,1,2
683,2,1378000.0,completed,20241017,,79,278632,3,2
684,3,8811000.0,completed,20240913,,79,53508,3,1
685,1,1368000.0,completed,20240910,,79,181949,2,1
686,2,2396000.0,completed,20240714,,79,240107,3,2
687,3,18144000.0,completed,20240929,,79,178151,2,1
688,2,5126400.0,completed,20240304,1.0,79,181347,2,2
689,3,6516000.0,completed,20240925,,79,226486,1,2
690,1,6803000.0,completed,20241005,,79,252779,1,1
691,1,473400.0,completed,20240911,1.0,79,88845,3,2
692,2,15897600.0,completed,20241022,1.0,79,24102,1,1
693,3,4773000.0,completed,20241101,,79,219291,2,1
694,3,11817000.0,completed,20240622,,79,19841,3,2
695,3,10311000.0,completed,20240924,,79,20089,3,1
696,2,4960000.0,completed,20241104,,79,125526,1,1
697,3,1992000.0,completed,20240622,,79,87661,1,1
698,2,4364000.0,completed,20241003,,79,147481,1,1
699,2,3008000.0,completed,20241008,,79,126941,2,1
700,2,2648000.0,completed,20241108,,79,283725,3,2
701,3,2040000.0,completed,20240820,,79,86186,3,1
702,2,2698000.0,cancelled,20240611,2.0,79,256071,3,2
703,2,3908000.0,completed,20241110,,79,162625,1,2
704,2,2366000.0,completed,20241017,,79,217195,3,1
705,1,526000.0,completed,20241025,,79,218905,1,2
706,1,68125000.0,completed,20241011,,79,377229,2,2
707,2,988000.0,completed,20240213,,79,143405,3,1
708,2,3260000.0,cancelled,20241110,,79,174801,3,1
709,3,6624000.0,completed,20240402,,79,278345,3,2
710,2,1812000.0,completed,20241003,,79,96478,2,1
711,3,4017000.0,completed,20240809,,79,246472,3,1
712,2,1294000.0,cancelled,20240810,,79,284948,2,2
713,2,1336000.0,completed,20241013,,79,170072,2,1
714,3,53766000.0,completed,20241017,,79,173827,3,1
715,2,3260000.0,completed,20241025,,79,194412,1,1
716,3,2514000.0,cancelled,20240725,,79,224717,3,2
717,1,955000.0,completed,20240328,,79,185004,1,2
718,3,13635000.0,completed,20241015,1.0,79,379844,1,2
719,3,2997000.0,completed,20240517,,79,31676,2,2
720,1,526000.0,cancelled,20240924,,79,59217,2,1
721,3,3819000.0,completed,20241012,,79,214952,1,1
722,1,749000.0,cancelled,20241113,,79,191358,2,1
723,2,3237600.0,completed,20240725,2.0,79,144904,1,2
724,1,526000.0,completed,20240415,,79,119720,3,1
725,3,4494000.0,completed,20241112,,79,175906,3,1
726,2,7122000.0,completed,20240218,,79,98611,1,1
727,3,7854000.0,completed,20241010,,79,177637,3,2
728,3,4806000.0,completed,20241017,,79,19646,3,2
729,1,1419000.0,completed,20240513,,79,238469,3,1
730,1,1325700.0,completed,20240202,1.0,79,197750,3,2
731,1,1672000.0,completed,20241104,,79,124321,1,1
732,3,13860000.0,completed,20240817,,79,53363,3,1
733,1,1364200.0,completed,20241103,2.0,79,211159,2,1
734,3,3288000.0,completed,20241105,,79,155278,2,2
735,1,1785000.0,completed,20241113,,79,207230,1,1
736,3,45700200.0,completed,20240914,1.0,79,167687,1,2
737,1,855000.0,completed,20241004,,79,85479,2,1
738,3,21432000.0,completed,20240926,,79,196116,2,1
739,3,2925000.0,completed,20241021,,79,91067,1,2
740,2,25100000.0,completed,20240927,,79,165173,3,1
741,3,3921000.0,completed,20240922,,79,245636,2,1
742,3,4890000.0,completed,20240706,,79,219614,3,1
743,2,5458000.0,completed,20240708,,79,174959,3,1
744,2,3260000.0,completed,20240824,,79,232118,1,1
745,3,7623000.0,cancelled,20240625,,79,152341,3,2
746,1,2001000.0,completed,20241113,,79,149623,1,2
747,3,1578000.0,completed,20241015,,79,83063,3,2
748,1,526000.0,completed,20240810,,79,230615,1,1
749,3,2514000.0,cancelled,20241020,,79,235037,1,2
750,3,1578000.0,completed,20240927,,79,151322,3,2
751,2,2773800.0,completed,20240910,1.0,79,198491,1,1
752,1,5839000.0,completed,20240620,,79,24469,3,2
753,3,1578000.0,completed,20241111,,79,158947,2,2
754,1,1712000.0,completed,20241102,,79,207045,1,1
755,2,1112000.0,completed,20240418,,79,219437,2,2
756,3,1852500.0,completed,20240902,2.0,79,343250,2,1
757,2,6123700.0,completed,20240823,2.0,79,267488,2,1
758,2,3260000.0,completed,20240522,,79,186058,3,2
759,1,1806000.0,completed,20241018,,79,101765,2,2
760,2,3979800.0,completed,20241005,1.0,79,304699,3,1
761,1,2845000.0,completed,20241008,,79,268374,1,1
762,2,3988000.0,completed,20240830,,79,238939,1,2
763,1,664000.0,completed,20240915,,79,237854,3,2
764,3,5133000.0,cancelled,20241105,,79,218004,1,2
765,3,14982000.0,completed,20240312,,79,149879,1,2
766,1,689000.0,completed,20240825,,79,224063,3,1
767,2,6244000.0,completed,20241106,,79,220319,3,1
768,2,3588000.0,completed,20241108,,79,88937,3,2
769,2,968000.0,completed,20241014,,79,11111,2,2
770,3,25832400.0,completed,20240725,2.0,79,208216,2,1
771,2,7128000.0,cancelled,20240930,,79,278688,1,2
772,3,23910000.0,completed,20241015,,79,146319,1,1
773,1,1375000.0,cancelled,20240503,,79,91502,3,2
774,2,1616000.0,completed,20240517,,79,58691,3,2
775,3,1792800.0,cancelled,20240904,1.0,79,156673,1,2
776,1,1867000.0,completed,20240713,,79,200998,2,2
777,2,1052000.0,cancelled,20241016,,79,143820,2,2
778,2,4080000.0,cancelled,20241103,,79,190594,1,1
779,3,1785000.0,completed,20241111,,79,90376,3,1
780,3,5820000.0,completed,20240909,,79,39499,2,2
781,1,7639900.0,completed,20241022,2.0,79,165796,1,1
782,2,10422000.0,completed,20240606,,79,184663,2,2
783,1,1712000.0,completed,20241022,,79,192404,3,2
784,3,3084000.0,completed,20241113,,79,36862,2,1
785,2,2274000.0,completed,20240821,,79,237398,2,2
786,3,1578000.0,completed,20241104,,79,160893,1,2
787,3,3936000.0,completed,20241024,,79,144240,1,2
788,3,4645500.0,completed,20241025,2.0,79,189909,3,2
789,2,1052000.0,completed,20241025,,79,286277,2,2
790,2,1676000.0,completed,20240907,,79,235037,1,2
791,3,1578000.0,cancelled,20241016,,79,97092,1,2
792,3,67206000.0,completed,20240825,,79,206302,2,2
793,1,697000.0,completed,20241101,,79,186074,2,2
794,2,2942000.0,completed,20240815,,79,266676,3,2
795,1,2132000.0,completed,20241104,,79,202891,2,1
796,1,1359000.0,completed,20241110,,79,26097,3,1
797,2,1204000.0,completed,20240923,,79,56610,1,1
798,3,4645500.0,completed,20240713,2.0,79,88796,3,1
799,1,865000.0,completed,20240731,,79,101809,2,1
800,1,526000.0,completed,20240215,,79,180804,3,1
801,2,1260000.0,completed,20240904,,79,91605,3,2
802,1,526000.0,cancelled,20241010,,79,256258,2,2
803,3,7335000.0,completed,20241113,,79,181874,3,1
804,2,3260000.0,completed,20241015,,79,237961,3,2
805,2,1052000.0,completed,20240928,,79,135860,2,2
806,3,10311000.0,completed,20241023,,79,20089,1,1
807,1,1671000.0,completed,20240410,,79,123247,3,1
808,3,2286000.0,completed,20240821,,79,230303,1,1
809,1,499700.0,cancelled,20240303,2.0,79,104903,2,1
810,1,2025000.0,completed,20241105,,79,232612,3,1
811,3,2013000.0,completed,20241106,,79,257616,3,1
812,1,692000.0,completed,20240826,,79,213128,2,1
813,3,2052000.0,completed,20240914,,79,215391,3,2
814,2,8496000.0,completed,20241027,,79,213536,3,2
815,3,6297000.0,completed,20241106,,79,251702,2,1
816,1,1433000.0,completed,20240918,,79,50399,3,1
817,1,15357000.0,completed,20241110,,79,167910,2,2
818,2,2156000.0,completed,20240430,,79,149438,1,1
819,1,1630000.0,completed,20240829,,79,146197,2,2
820,2,5388000.0,completed,20240526,,79,19220,3,2
821,3,39891000.0,completed,20241005,,79,167067,1,1
822,3,4576500.0,completed,20240902,1.0,79,84699,1,1
823,2,1052000.0,completed,20241112,,79,184440,2,1
824,1,6847600.0,completed,20240630,2.0,79,175715,1,2
825,2,4908000.0,cancelled,20240720,,79,212371,3,1
826,1,1795500.0,completed,20241104,2.0,79,98882,3,1
827,1,1887000.0,completed,20240425,,79,192548,1,1
828,3,8535000.0,cancelled,20240622,,79,268374,3,1
829,3,4116000.0,completed,20241024,,79,82276,3,2
830,3,1785000.0,cancelled,20241103,,79,222353,1,1
831,3,8319000.0,completed,20241105,,79,101787,3,2
832,1,1949000.0,completed,20241009,,79,280486,2,1
833,3,2988000.0,completed,20241005,,79,227528,2,2
834,3,50958000.0,completed,20241107,,79,377072,2,2
835,1,658000.0,completed,20240915,,79,85770,1,1
836,1,1606000.0,completed,20241027,,79,58817,2,1
837,1,601000.0,completed,20240712,,79,211630,3,2
838,1,1040000.0,completed,20240828,,79,186141,1,1
839,3,2082000.0,completed,20241002,,79,204748,2,2
840,3,4254000.0,completed,20241102,,79,259545,1,1
841,3,5232000.0,cancelled,20241029,,79,24789,2,1
842,1,2205000.0,completed,20240718,,79,41536,3,1
843,1,824000.0,completed,20241111,,79,141210,3,2
844,3,2310000.0,completed,20241113,,79,139539,3,1
845,2,5842000.0,completed,20240528,,79,168580,1,2
846,3,4008000.0,completed,20241109,,79,11893,1,1
847,2,1318000.0,completed,20241002,,79,230667,3,1
848,2,5528000.0,completed,20241109,,79,123196,2,2
849,2,1052000.0,completed,20241029,,79,181019,3,1
850,2,22240000.0,completed,20240229,,79,204242,1,2
851,3,1792800.0,completed,20240929,1.0,79,156673,3,2
852,2,1052000.0,completed,20240625,,79,83465,3,2
853,3,2205000.0,completed,20241104,,79,219410,2,2
854,2,946800.0,completed,20240903,1.0,79,82905,2,2
855,2,27582000.0,completed,20241009,,79,200655,1,1
856,1,1475000.0,completed,20241008,,79,263711,2,1
857,3,4284000.0,completed,20240926,,79,156583,2,2
858,3,10452000.0,completed,20241103,,79,207311,3,1
859,1,1506000.0,cancelled,20241101,,79,57566,2,2
860,1,617000.0,completed,20240908,,79,232076,2,1
861,1,950000.0,completed,20240723,,79,163524,3,2
862,3,90285000.0,completed,20241027,,79,195559,3,2
863,1,891000.0,completed,20241102,,79,202697,2,2
864,3,19467000.0,completed,20240927,,79,32292,3,1
865,3,5841000.0,cancelled,20241017,,79,205800,3,2
866,2,3622000.0,completed,20241030,,79,184660,1,2
867,2,4604000.0,completed,20240309,,79,105367,2,2
868,1,1816000.0,completed,20240909,,79,84712,3,2
869,1,526000.0,completed,20241015,,79,200596,2,1
870,1,526000.0,completed,20240830,,79,93756,1,1
871,3,8559000.0,completed,20241023,,79,179362,2,2
872,1,1647000.0,completed,20241003,,79,179219,1,2
873,1,2125000.0,completed,20240812,,79,209830,3,1
874,2,3788000.0,completed,20241006,,79,97125,1,1
875,3,14223000.0,completed,20240212,,79,213416,2,2
876,1,1011000.0,completed,20241111,,79,270872,3,2
877,3,49134000.0,completed,20240925,,79,195022,2,1
878,1,2136000.0,completed,20241003,,79,19694,2,2
879,1,782000.0,cancelled,20240511,,79,277646,2,1
880,3,5943000.0,completed,20241015,,79,218911,1,1
881,2,5842000.0,completed,20240928,,79,168580,3,2
882,3,17448000.0,completed,20241101,,79,81556,2,2
883,2,1052000.0,completed,20240831,,79,46504,1,1
884,1,1467000.0,cancelled,20240607,1.0,79,141834,2,1
885,2,1190000.0,completed,20241112,,79,270831,1,2
886,3,1824000.0,cancelled,20241012,,79,193765,1,1
887,1,838000.0,completed,20241025,,79,221474,2,1
888,3,4176000.0,completed,20240831,,79,202360,1,1
889,1,526000.0,completed,20241026,,79,268827,2,2
890,2,4698000.0,completed,20241103,,79,217535,1,1
891,2,1756000.0,completed,20241014,,79,142059,3,2
892,1,526000.0,completed,20241010,,79,268143,2,1
893,3,2196000.0,completed,20241109,,79,166530,1,1
894,2,5278000.0,completed,20240926,,79,51603,2,1
895,1,2334000.0,completed,20240821,,79,79443,3,2
896,2,5664000.0,completed,20241020,,79,96558,1,2
897,2,3260000.0,cancelled,20240707,,79,149695,2,2
898,2,2938000.0,completed,20241012,,79,221517,2,1
899,3,19728000.0,completed,20241009,,79,234670,2,1
900,3,1578000.0,completed,20240927,,79,187135,2,1
901,2,1052000.0,completed,20240617,,79,88880,2,1
902,3,4686000.0,completed,20240920,,79,182889,2,2
903,2,1052000.0,cancelled,20240822,,79,84429,1,2
904,1,1457000.0,completed,20240825,,79,241488,3,2
905,3,50958000.0,completed,20240711,,79,180473,2,1
906,2,3928000.0,cancelled,20241027,,79,24296,1,2
907,2,1052000.0,completed,20240511,,79,158947,3,2
908,1,1044000.0,completed,20240618,,79,172201,2,2
909,2,3080000.0,completed,20240627,,79,80166,3,2
910,1,640000.0,cancelled,20240825,,79,277588,3,1
911,1,4159000.0,completed,20240604,,79,173648,3,1
912,2,1052000.0,completed,20241113,,79,365781,1,2
913,1,774000.0,completed,20241005,,79,222995,1,1
914,3,1197000.0,completed,20241103,,79,151514,3,2
915,3,1578000.0,completed,20241031,,79,98221,1,1
916,1,526000.0,completed,20241007,,79,221929,1,1
917,2,9336000.0,completed,20240604,,79,140814,3,1
918,2,5518000.0,completed,20241011,,79,41535,2,2
919,1,14900000.0,completed,20240716,,79,179711,3,1
920,2,1290000.0,completed,20240319,,79,188829,1,1
921,3,2331000.0,cancelled,20241101,,79,77825,1,1
922,1,6399000.0,completed,20241111,,79,51685,3,1
923,3,1977000.0,completed,20241019,,79,85815,3,2
924,1,1582000.0,completed,20240926,,79,53337,3,1
925,1,526000.0,completed,20240816,,79,84429,3,2
926,2,918000.0,completed,20240921,1.0,79,231882,3,2
927,3,4071000.0,completed,20241112,,79,171529,1,2
928,2,1262000.0,completed,20240914,,79,277324,2,1
929,1,1833000.0,completed,20240525,,79,91595,3,2
930,3,2511000.0,cancelled,20241023,,79,31786,2,1
931,2,2651400.0,cancelled,20240619,1.0,79,197750,2,2
932,3,1806000.0,completed,20240912,,79,109533,1,1
933,3,1578000.0,completed,20240908,,79,222603,2,1
934,1,727000.0,completed,20240809,,79,89940,3,1
935,2,5236000.0,completed,20240905,,79,231433,3,2
936,3,6219000.0,completed,20241022,,79,23613,3,1
937,3,9037350.0,completed,20240803,2.0,79,216509,1,2
938,2,3727800.0,completed,20240626,2.0,79,216207,3,1
939,1,526000.0,completed,20240327,,79,46843,1,1
940,1,986400.0,completed,20240712,1.0,79,221780,1,1
941,2,2128000.0,completed,20241101,,79,212533,2,1
942,3,14568000.0,completed,20241009,,79,32025,2,1
943,2,1308000.0,completed,20240729,,79,216338,1,1
944,1,1436000.0,completed,20240814,,79,141147,2,1
945,3,3021000.0,completed,20241031,,79,96488,3,2
946,1,2522000.0,cancelled,20241004,,79,59175,3,2
947,1,2299000.0,completed,20240908,,79,52617,3,2
948,2,69722000.0,completed,20241105,,79,193504,2,2
949,3,2331000.0,completed,20241113,,79,142302,1,2
950,3,4773000.0,completed,20241112,,79,64367,2,1
951,2,2690400.0,completed,20241112,2.0,79,91287,1,2
952,1,16986000.0,completed,20240806,,79,180473,2,1
953,3,3075000.0,completed,20240801,,79,148789,2,1
954,2,4898000.0,completed,20240513,,79,180412,1,2
955,3,2082000.0,completed,20240511,,79,204748,1,2
956,3,5181000.0,completed,20241026,,79,50513,3,2
957,1,526000.0,cancelled,20240514,,79,103488,3,2
958,3,90285000.0,completed,20241111,,79,195559,3,2
959,1,526000.0,completed,20240823,,79,222792,2,1
960,3,9084000.0,completed,20241104,,79,51152,3,2
961,1,749000.0,completed,20240816,,79,238777,3,1
962,3,4890000.0,cancelled,20241104,,79,141322,2,2
963,2,2168000.0,completed,20241113,,79,72156,3,1
964,1,1562000.0,completed,20240516,,79,86384,3,1
965,1,2407000.0,cancelled,20240623,,79,81375,2,1
966,1,1891000.0,completed,20240825,,79,207485,1,2
967,3,4860000.0,completed,20241113,,79,163481,2,1
968,2,4462000.0,cancelled,20240907,,79,50422,3,1
969,2,2022000.0,completed,20240726,,79,270872,1,2
970,1,738000.0,completed,20240509,,79,216445,2,1
971,2,2680000.0,completed,20240911,,79,38946,3,1
972,2,4992000.0,completed,20241112,,79,78849,3,1
973,1,1340000.0,completed,20241006,,79,38946,1,1
974,1,683000.0,completed,20241006,,79,98880,3,2
975,2,3288000.0,completed,20240906,,79,196307,2,1
976,1,1190000.0,completed,20241101,,79,182419,1,2
977,1,2537450.0,completed,20240319,2.0,79,229919,1,1
978,3,5076000.0,completed,20240808,,79,51114,3,2
979,1,2979000.0,completed,20240906,,79,90503,2,2
980,3,3708000.0,completed,20240306,,79,274540,1,1
981,2,5220000.0,completed,20241108,,79,380714,2,2
982,3,1578000.0,completed,20240908,,79,155976,3,1
983,1,1544000.0,completed,20241011,,79,149753,1,1
984,2,2032000.0,completed,20240901,,79,208217,1,2
985,1,10783000.0,completed,20241028,,79,379254,3,2
986,3,9495000.0,cancelled,20240813,,79,218562,2,2
987,1,2111000.0,completed,20241009,,79,228433,2,2
988,3,5733000.0,completed,20241110,,79,287601,2,1
989,1,585000.0,completed,20241104,,79,89383,2,1
990,2,1052000.0,cancelled,20241020,,79,218905,3,2
991,1,1060000.0,completed,20241021,,79,96630,2,2
992,1,903000.0,cancelled,20240515,,79,182127,2,2
993,1,1467000.0,completed,20241029,,79,221316,1,2
994,3,40227000.0,completed,20241028,,79,196076,1,1
995,3,5814000.0,cancelled,20240921,,79,231758,2,2
996,1,1343000.0,cancelled,20240728,,79,251391,2,1
997,1,1947000.0,completed,20241104,,79,205800,1,2
998,2,1052000.0,completed,20240914,,79,191141,3,2
999,2,49674000.0,completed,20241004,,79,195720,1,2
1000,1,999000.0,cancelled,20241104,,79,31676,3,2
1001,1,20192000.0,completed,20241029,,79,210144,3,1
1002,3,113277000.0,completed,20240307,,79,198554,1,1
1003,1,526000.0,completed,20240801,,79,82906,2,1
1004,3,7230000.0,completed,20240808,,79,90389,1,2
1005,1,683000.0,completed,20241011,,79,286618,2,2
1006,2,2832000.0,completed,20240114,,79,20612,3,2
1007,3,5472000.0,completed,20240815,,79,61989,3,2
1008,3,18033000.0,completed,20241102,,79,194018,2,1
1009,2,4416000.0,completed,20241112,,79,278345,1,2
1010,1,749000.0,completed,20240624,,79,209868,2,1
1011,3,46836000.0,completed,20240626,,79,206910,1,2
1012,2,2960000.0,completed,20240612,,79,209495,1,2
1013,3,7221000.0,completed,20240406,,79,271171,2,2
1014,3,2673000.0,completed,20240912,,79,186103,2,2
1015,2,2690000.0,completed,20240826,,79,56845,2,2
1016,3,7257000.0,completed,20240704,,79,203334,2,2
1017,3,4014000.0,cancelled,20241026,,79,27420,1,2
1018,3,18015000.0,completed,20240607,,79,197734,2,1
1019,1,1940000.0,completed,20240815,,79,39499,3,2
1020,1,1454000.0,completed,20240817,,79,201822,2,1
1021,1,664000.0,completed,20241112,,79,155846,1,2
1022,3,6630000.0,completed,20241019,,79,194808,1,2
1023,2,2768300.0,completed,20240906,2.0,79,271958,3,2
1024,1,607000.0,completed,20240927,,79,257653,2,1
1025,2,5278000.0,completed,20240826,,79,51603,3,1
1026,2,9378000.0,completed,20241018,,79,166236,3,2
1027,1,5393000.0,cancelled,20240918,,79,21223,1,2
1028,1,526000.0,completed,20240623,,79,157219,2,2
1029,3,2067000.0,completed,20240122,,79,81459,1,2
1030,2,5842000.0,completed,20240405,,79,168580,3,2
1031,2,3718000.0,cancelled,20240314,,79,203727,3,2
1032,3,3207000.0,completed,20241104,,79,96723,3,1
1033,2,8318000.0,completed,20240729,,79,173648,2,1
1034,3,2076000.0,cancelled,20241001,,79,183139,1,2
1035,1,6259000.0,cancelled,20240608,,79,269453,3,2
1036,3,3789000.0,completed,20241012,,79,191322,1,2
1037,1,679000.0,cancelled,20241009,,79,156245,3,1
1038,1,2115000.0,completed,20240910,,79,19403,2,2
1039,2,988000.0,completed,20240707,,79,143405,2,1
1040,2,2850000.0,completed,20241030,,79,554251,1,2
1041,3,46095000.0,completed,20241103,,79,25028,2,1
1042,3,6717000.0,cancelled,20240926,,79,19466,3,2
1043,3,13272000.0,completed,20241029,,79,32277,2,1
1044,3,2055000.0,completed,20241016,,79,90255,1,1
1045,1,2313900.0,completed,20240622,1.0,79,180485,1,2
1046,3,4890000.0,completed,20240721,,79,211557,3,1
1047,3,5067000.0,completed,20241113,,79,204383,3,1
1048,1,9652000.0,completed,20240907,,79,281321,3,2
1049,3,3180000.0,completed,20241017,,79,227646,1,1
1050,3,3288000.0,completed,20241026,,79,155278,3,2
1051,1,1630000.0,completed,20240906,,79,59548,1,1
1052,1,2302000.0,completed,20240920,,79,199437,2,1
1053,2,1052000.0,completed,20240724,,79,139104,2,2
1054,3,4028400.0,completed,20240808,1.0,79,53343,2,2
1055,1,526000.0,completed,20241006,,79,219013,2,1
1056,1,20568000.0,completed,20240215,,79,32335,1,1
1057,2,1052000.0,completed,20240621,,79,175524,1,2
1058,1,526000.0,completed,20240918,,79,164167,2,2
1059,3,6549000.0,completed,20240923,,79,32039,2,2
1060,1,2246000.0,completed,20240122,,79,378641,1,1
1061,1,526000.0,completed,20240917,,79,93756,2,1
1062,1,8632000.0,completed,20240910,,79,162796,2,1
1063,1,1630000.0,cancelled,20240602,,79,52229,3,2
1064,2,1052000.0,cancelled,20240830,,79,146187,2,2
1065,3,7689600.0,completed,20240802,1.0,79,181347,1,2
1066,2,1534000.0,completed,20241111,,79,197263,1,2
1067,3,8222250.0,completed,20241111,2.0,79,266633,1,1
1068,3,8904000.0,completed,20240907,,79,22168,2,2
1069,1,526000.0,completed,20241003,,79,221929,3,1
1070,3,8484450.0,completed,20240909,2.0,79,154876,3,2
1071,2,1877200.0,completed,20241103,2.0,79,189496,2,2
1072,3,4890000.0,completed,20240305,,79,85332,2,2
1073,3,2259000.0,completed,20241003,,79,212392,2,2
1074,3,2577000.0,completed,20240305,,79,142760,3,1
1075,1,1280000.0,completed,20241004,,79,171902,2,1
1076,2,4890000.0,completed,20240929,,79,181874,3,1
1077,1,1126000.0,cancelled,20240719,,79,198498,2,2
1078,3,5700000.0,completed,20240619,,79,102551,2,2
1079,2,1052000.0,completed,20240220,,79,47773,3,1
1080,2,3260000.0,completed,20241101,,79,186071,1,1
1081,1,2114000.0,completed,20240913,,79,21278,3,2
1082,2,2934000.0,completed,20240928,,79,221316,1,2
1083,3,1845000.0,completed,20240602,,79,230725,1,2
1084,2,3782000.0,cancelled,20240703,,79,214020,1,2
1085,3,1116000.0,cancelled,20241016,,79,106886,3,2
1086,2,3220000.0,completed,20240829,,79,150464,2,1
1087,3,45873000.0,completed,20241021,,79,230363,3,2
1088,3,12471000.0,completed,20241105,,79,51065,3,1
1089,2,4276000.0,completed,20241025,,79,248243,3,2
1090,2,1606000.0,completed,20240812,,79,24953,1,2
1091,3,1821000.0,completed,20240625,,79,226744,3,2
1092,2,4062000.0,completed,20241029,,79,74210,1,1
1093,2,9312000.0,cancelled,20241108,,79,243428,1,1
1094,2,1052000.0,completed,20240903,,79,206757,3,2
1095,2,946800.0,completed,20240222,1.0,79,158066,2,2
1096,1,1630000.0,cancelled,20240918,,79,3366,2,1
1097,2,1052000.0,completed,20240918,,79,87771,1,2
1098,3,4160700.0,completed,20241010,1.0,79,198491,2,1
1099,3,1578000.0,completed,20240312,,79,59217,1,1
1100,3,13535100.0,completed,20241005,1.0,79,174553,3,1
1101,2,3388000.0,completed,20240627,,79,204438,1,2
1102,1,679000.0,completed,20241013,,79,102560,3,2
1103,1,1691000.0,completed,20240525,,79,260320,3,1
1104,2,1704000.0,completed,20240928,,79,141344,2,1
1105,3,7063200.0,completed,20241029,1.0,79,43355,1,2
1106,3,5697000.0,cancelled,20241107,,79,259942,2,2
1107,1,1568000.0,completed,20240817,,79,259208,3,2
1108,1,1761000.0,completed,20241025,,79,202282,2,1
1109,2,60534000.0,completed,20240823,,79,161097,3,2
1110,3,1962000.0,completed,20240818,,79,224499,1,2
1111,2,7702000.0,completed,20240225,,79,21946,1,2
1112,3,4953000.0,completed,20241008,,79,377207,3,1
1113,2,3916000.0,completed,20240922,,79,286887,1,1
1114,2,3800000.0,completed,20240128,,79,102551,3,2
1115,1,731500.0,completed,20240701,2.0,79,152032,2,2
1116,1,526000.0,completed,20240804,,79,252232,2,2
1117,2,1336000.0,completed,20240712,,79,244152,3,2
1118,1,2431000.0,cancelled,20241101,,79,81668,3,1
1119,1,1794000.0,completed,20240620,,79,219414,3,1
1120,2,28496000.0,cancelled,20240723,,79,379788,1,2
1121,1,1072000.0,cancelled,20240429,,79,209460,2,2
1122,3,4224000.0,completed,20241102,,79,50632,1,1
1123,3,30543000.0,completed,20241023,,79,24769,2,2
1124,3,1965000.0,completed,20241020,,79,236769,2,1
1125,1,6489000.0,completed,20240713,,79,32292,1,1
1126,1,1283000.0,completed,20240630,,79,239530,3,1
1127,1,5177000.0,completed,20240801,,79,91701,1,2
1128,3,4176000.0,completed,20240418,,79,202360,1,1
1129,2,6226000.0,completed,20240627,,79,206135,1,2
1130,2,2785400.0,completed,20240324,2.0,79,170987,2,1
1131,2,1052000.0,completed,20241110,,79,845961,1,1
1132,1,2170000.0,completed,20240507,,79,39492,3,2
1133,3,4890000.0,completed,20240827,,79,196313,3,1
1134,2,5528000.0,completed,20241023,,79,123196,3,2
1135,2,3260000.0,cancelled,20241021,,79,186071,1,1
1136,3,5172000.0,completed,20241108,,79,24068,2,1
1137,1,1876000.0,completed,20241026,,79,23017,2,1
1138,3,1578000.0,cancelled,20240809,,79,98878,2,2
1139,3,1998000.0,cancelled,20241105,,79,136736,3,1
1140,3,9735600.0,completed,20240518,2.0,79,66215,3,1
1141,1,670000.0,completed,20241005,,79,106084,2,1
1142,2,3260000.0,completed,20241109,,79,269312,2,1
1143,1,2620000.0,completed,20240520,,79,197513,1,1
1144,3,2301000.0,completed,20241101,,79,98554,1,1
1145,3,3858000.0,cancelled,20241110,,79,229304,1,2
1146,3,1755000.0,completed,20240704,,79,89383,3,1
1147,3,1578000.0,completed,20240902,,79,252232,1,2
1148,2,4968000.0,completed,20241023,,79,23132,1,2
1149,1,6033000.0,completed,20241017,,79,20930,2,1
1150,1,668000.0,completed,20240524,,79,170072,1,1
1151,2,2004000.0,cancelled,20241112,,79,237104,1,2
1152,1,17734000.0,cancelled,20240824,,79,188681,3,2
1153,2,1648000.0,completed,20240831,,79,141210,2,2
1154,3,4104000.0,completed,20240906,,79,218429,2,1
1155,3,7491000.0,completed,20241102,,79,17881,2,1
1156,3,6789000.0,completed,20241002,,79,379236,2,1
1157,3,6630000.0,completed,20240727,,79,194808,3,2
1158,2,2594000.0,completed,20240727,,79,123366,2,1
1159,2,3898000.0,completed,20240724,,79,90142,1,1
1160,2,2300900.0,completed,20240410,2.0,79,222176,1,1
1161,1,1692000.0,completed,20240808,,79,127007,3,2
1162,2,1764000.0,completed,20240309,,79,167261,3,1
1163,2,1392000.0,completed,20240905,,79,257888,3,1
1164,1,1695000.0,completed,20241107,,79,211111,3,1
1165,2,1094400.0,completed,20240916,2.0,79,108015,3,2
1166,3,3111000.0,completed,20241030,,79,207722,2,2
1167,3,3021000.0,completed,20241014,,79,96488,1,2
1168,1,1410000.0,cancelled,20241109,,79,97190,2,1
1169,2,21180000.0,completed,20240918,,79,152199,3,1
1170,3,4890000.0,completed,20241009,,79,202597,2,2
1171,3,5520000.0,completed,20240715,,79,38500,2,2
1172,1,2439000.0,completed,20241111,,79,174335,1,1
1173,1,1630000.0,cancelled,20240606,,79,190370,2,2
1174,3,48954000.0,completed,20240809,,79,195331,3,2
1175,3,4890000.0,completed,20240704,,79,185628,3,1
1176,2,31424000.0,completed,20241026,,79,193654,2,1
1177,2,1504000.0,completed,20241101,,79,142470,3,2
1178,1,1701000.0,completed,20241027,,79,230850,2,2
1179,3,1881000.0,completed,20240418,,79,271328,3,1
1180,1,727000.0,completed,20240804,,79,89940,3,1
1181,3,26442000.0,completed,20241108,,79,21027,3,1
1182,2,3424000.0,completed,20240627,,79,192404,1,2
1183,2,1230000.0,completed,20240805,,79,251991,3,1
1184,2,3051000.0,completed,20241113,1.0,79,84699,3,1
1185,1,2538000.0,completed,20241011,,79,145001,1,1
1186,2,3260000.0,completed,20241011,,79,209365,3,1
1187,1,947000.0,completed,20240814,,79,159553,1,2
1188,2,12936000.0,completed,20240721,,79,148993,1,1
1189,2,70298000.0,cancelled,20241018,,79,165999,2,2
1190,2,1052000.0,completed,20240808,,79,194490,3,1
1191,2,15432000.0,cancelled,20240811,,79,378000,1,2
1192,1,1016000.0,completed,20241030,,79,234964,1,1
1193,2,6780000.0,completed,20241109,,79,377491,3,1
1194,2,1452000.0,cancelled,20241104,,79,222669,1,1
1195,3,2952000.0,completed,20240408,,79,149025,2,1
1196,2,2478000.0,completed,20241007,,79,100964,2,2
1197,2,11312600.0,cancelled,20241106,2.0,79,140954,1,2
1198,2,5014000.0,cancelled,20241110,,79,23970,2,2
1199,2,25938000.0,cancelled,20240823,,79,197403,1,1
1200,3,34746000.0,completed,20240930,,79,211705,3,1
1201,3,2013000.0,completed,20240907,,79,214076,1,1
1202,3,1962000.0,completed,20240701,,79,225911,1,2
1203,3,6081000.0,completed,20240901,,79,107382,2,2
1204,1,9576000.0,cancelled,20241109,,79,184321,3,1
1205,3,1930500.0,completed,20240926,1.0,79,243026,3,1
1206,2,2934000.0,cancelled,20240922,,79,221316,1,2
1207,3,6396000.0,completed,20240930,,79,202891,2,1
1208,3,7068600.0,completed,20240914,1.0,79,61510,1,2
1209,1,1664400.0,completed,20240712,2.0,79,276913,3,1
1210,2,1470000.0,completed,20240819,,79,219410,2,2
1211,2,2560000.0,cancelled,20241109,,79,171902,3,1
1212,1,1338000.0,completed,20240826,,79,164498,1,1
1213,1,1548500.0,completed,20240911,2.0,79,214353,2,1
1214,1,1190000.0,cancelled,20241005,,79,182419,3,2
1215,3,5160000.0,completed,20240902,,79,41102,2,2
1216,3,5307000.0,completed,20241107,,79,23600,1,2
1217,1,818000.0,completed,20240502,,79,271451,1,1
1218,2,1052000.0,cancelled,20241113,,79,46456,3,1
1219,1,2115000.0,completed,20241108,,79,209643,1,1
1220,1,666000.0,completed,20240727,,79,136736,1,1
1221,2,1308000.0,completed,20240711,,79,71859,3,1
1222,1,908000.0,completed,20240220,,79,256200,1,1
1223,3,1851000.0,completed,20241012,,79,218652,2,1
1224,1,1811000.0,completed,20240419,,79,22318,3,1
1225,3,9189000.0,completed,20241102,,79,218822,2,2
1226,3,4830000.0,completed,20241027,,79,97394,2,1
1227,3,6093000.0,completed,20241112,,79,213189,1,2
1228,1,526000.0,completed,20241005,,79,268808,1,2
1229,3,4890000.0,cancelled,20240607,,79,199889,2,2
1230,3,2004000.0,completed,20240529,,79,97242,2,2
1231,1,2937000.0,completed,20240814,,79,53508,3,1
1232,1,526000.0,completed,20240918,,79,262231,3,2
1233,3,1914000.0,completed,20240726,,79,216878,3,2
1234,2,3260000.0,completed,20240829,,79,237961,1,2
1235,2,18828000.0,cancelled,20240626,,79,153392,1,1
1236,1,973750.0,completed,20240929,2.0,79,59321,3,1
1237,1,1630000.0,completed,20241008,,79,262503,2,1
1238,1,2114000.0,completed,20241019,,79,21278,3,2
1239,1,2318000.0,completed,20240613,,79,233975,3,1
1240,3,3213000.0,completed,20241014,1.0,79,140287,1,1
1241,2,4996000.0,completed,20240519,,79,19239,2,2
1242,3,4494000.0,completed,20241105,,79,175906,3,1
1243,2,2340000.0,completed,20240503,,79,100588,1,1
1244,1,2882000.0,completed,20240903,,79,212937,3,2
1245,3,3198000.0,cancelled,20241112,,79,72162,1,2
1246,1,526000.0,cancelled,20241112,,79,283814,3,2
1247,2,3788000.0,completed,20240927,,79,241127,3,1
1248,1,993000.0,cancelled,20240927,,79,258115,1,2
1249,1,808000.0,completed,20241112,,79,223776,1,2
1250,1,1270000.0,completed,20240908,,79,243470,2,2
1251,1,13297000.0,cancelled,20240602,,79,167067,1,1
1252,3,4308000.0,completed,20241027,,79,206189,3,1
1253,2,3152000.0,completed,20240702,,79,148593,1,2
1254,1,3012000.0,cancelled,20240209,,79,205007,2,2
1255,1,1891000.0,completed,20241013,,79,207485,3,2
1256,3,1821000.0,completed,20240824,,79,182183,1,1
1257,1,32800000.0,completed,20240824,,79,251282,3,2
1258,3,6408000.0,completed,20241106,,79,19694,1,2
1259,3,5892000.0,completed,20241105,,79,24296,3,2
1260,3,1578000.0,completed,20240312,,79,169922,3,2
1261,2,2246400.0,completed,20240827,1.0,79,89348,1,2
1262,1,49092000.0,completed,20240924,,79,201561,3,2
1263,3,4872000.0,completed,20240716,,79,102868,1,2
1264,1,650000.0,completed,20240702,,79,88140,3,1
1265,2,1052000.0,cancelled,20240918,,79,222292,2,1
1266,3,4035000.0,completed,20240616,,79,248545,3,2
1267,1,2010600.0,completed,20240901,1.0,79,19335,1,2
1268,3,8391000.0,completed,20240826,,79,91567,2,2
1269,3,9084000.0,completed,20240804,,79,51152,3,2
1270,3,6189000.0,completed,20240930,,79,169540,3,2
1271,1,5688000.0,completed,20241103,,79,219239,1,1
1272,2,3260000.0,completed,20241029,,79,133539,2,2
1273,1,1688000.0,completed,20240510,,79,278486,2,1
1274,3,2988000.0,completed,20241025,,79,197472,3,1
1275,3,3057000.0,completed,20240924,,79,99908,3,1
1276,1,2005000.0,cancelled,20241017,,79,176174,3,1
1277,3,3051000.0,completed,20240924,,79,209595,2,2
1278,2,1910000.0,completed,20240920,,79,58607,2,2
1279,3,891000.0,cancelled,20240906,1.0,79,91515,1,2
1280,1,546000.0,completed,20241109,,79,90091,2,2
1281,2,1322000.0,completed,20240824,,79,227386,2,2
1282,2,3052000.0,completed,20240702,,79,150747,1,2
1283,1,2578000.0,completed,20240905,,79,284481,2,2
1284,1,1069000.0,cancelled,20241113,,79,96723,1,1
1285,2,1336000.0,cancelled,20240323,,79,181186,2,1
1286,1,499700.0,completed,20240702,2.0,79,141361,2,1
1287,1,7946000.0,completed,20241107,,79,23464,2,2
1288,2,734000.0,cancelled,20241022,,79,229774,3,1
1289,1,1591000.0,completed,20240926,,79,211751,1,1
1290,2,2728000.0,completed,20241019,,79,31936,3,2
1291,1,1441000.0,cancelled,20241022,,79,21826,2,2
1292,2,3051000.0,completed,20241110,1.0,79,84699,1,1
1293,3,6903000.0,completed,20240211,,79,61619,1,2
1294,1,17922000.0,completed,20240822,,79,173827,2,1
1295,2,1692000.0,completed,20240716,,79,180422,2,1
1296,1,727000.0,completed,20241022,,79,89940,3,1
1297,1,1183000.0,completed,20240612,,79,187607,3,1
1298,3,57051000.0,cancelled,20241028,,79,188957,3,1
1299,1,546000.0,completed,20241113,,79,90091,1,2
1300,3,6864000.0,completed,20240621,,79,54203,3,1
1301,2,2586000.0,completed,20240610,,79,136309,3,1
1302,2,9602000.0,completed,20240424,,79,105369,3,2
1303,2,1384000.0,completed,20240901,,79,183139,2,2
1304,2,4126000.0,completed,20241025,,79,169540,3,2
1305,3,1992000.0,completed,20240217,,79,59208,1,2
1306,2,1586000.0,completed,20240918,,79,168132,3,2
1307,3,1962000.0,completed,20240628,,79,225911,3,2
1308,2,3260000.0,completed,20241018,,79,239472,3,1
1309,2,5498000.0,completed,20240522,,79,151465,3,2
1310,1,1630000.0,completed,20240409,,79,218163,3,1
1311,3,6174000.0,completed,20240813,,79,21214,1,2
1312,2,21186000.0,completed,20241022,,79,143127,1,1
1313,3,1728000.0,completed,20241103,,79,134553,3,2
1314,3,6318000.0,completed,20240823,,79,52744,2,2
1315,1,1313000.0,completed,20241105,,79,219422,3,1
1316,3,3288000.0,completed,20241021,,79,89180,2,1
1317,1,1712000.0,completed,20241024,,79,207045,2,1
1318,1,2308000.0,completed,20241103,,79,69005,1,1
1319,3,432000.0,completed,20240314,1.0,79,91613,2,2
1320,3,5919000.0,completed,20241027,,79,20961,1,1
1321,3,41373000.0,completed,20241104,,79,200655,2,1
1322,2,13152000.0,cancelled,20240518,,79,234670,2,1
1323,3,1371000.0,completed,20240912,,79,182997,1,1
1324,1,1773000.0,completed,20240526,,79,19000,1,1
1325,2,6348000.0,completed,20241013,,79,177107,1,2
1326,3,7194000.0,completed,20241007,,79,32014,3,2
1327,2,1310000.0,completed,20240804,,79,236769,1,1
1328,3,1578000.0,cancelled,20240919,,79,209186,3,1
1329,2,3666000.0,completed,20240929,,79,185561,2,2
1330,3,2874000.0,completed,20240808,,79,224158,2,2
1331,2,7832000.0,cancelled,20241005,,79,21388,2,2
1332,2,55680000.0,completed,20240625,,79,171829,2,1
1333,1,1303000.0,completed,20240823,,79,250181,1,1
1334,3,5724000.0,cancelled,20240410,,79,148682,3,1
1335,2,24990000.0,cancelled,20241017,,79,184978,3,2
1336,3,7470000.0,completed,20241012,,79,91599,3,1
1337,3,5661000.0,completed,20240630,,79,192548,2,1
1338,2,1482000.0,completed,20240926,,79,218143,3,2
1339,3,3192000.0,cancelled,20240517,,79,230897,3,2
1340,2,15000000.0,completed,20241030,,79,377520,3,2
1341,1,1137000.0,completed,20241031,,79,237398,2,2
1342,1,3090350.0,completed,20240309,2.0,79,234192,3,1
1343,1,37316000.0,cancelled,20241013,,79,201767,1,1
1344,2,1102000.0,completed,20240718,,79,237347,1,2
1345,3,4890000.0,completed,20241003,,79,269312,1,1
1346,1,2235000.0,completed,20241113,,79,128096,3,2
1347,2,1464000.0,completed,20240928,,79,224805,3,2
1348,3,3651000.0,completed,20241013,,79,219028,1,1
1349,1,1722350.0,completed,20241024,2.0,79,213294,2,2
1350,2,4556000.0,completed,20240731,,79,23487,3,2
1351,1,2602050.0,completed,20240730,2.0,79,151411,1,1
1352,1,2395000.0,completed,20241025,,79,174634,1,1
1353,2,3260000.0,completed,20241106,,79,236964,3,1
1354,2,2856000.0,completed,20241016,,79,156583,3,2
1355,2,2872000.0,completed,20241102,,79,206189,3,1
1356,2,3296000.0,completed,20240530,,79,79863,1,2
1357,1,1667000.0,completed,20240203,,79,105671,2,1
1358,3,18144000.0,completed,20240930,,79,178151,3,1
1359,3,3729000.0,completed,20240429,,79,22045,2,2
1360,1,1794000.0,completed,20240804,,79,219414,3,1
1361,2,1052000.0,completed,20240916,,79,167300,3,1
1362,2,1396000.0,completed,20241023,,79,90034,1,2
1363,1,1957950.0,cancelled,20240216,2.0,79,205820,2,1
1364,1,14194000.0,completed,20241113,,79,248099,2,1
1365,3,24917550.0,completed,20240523,2.0,79,161471,2,2
1366,1,2979000.0,cancelled,20240914,,79,90503,1,2
1367,3,1941000.0,completed,20241016,,79,146140,2,1
1368,1,3549000.0,completed,20241031,,79,176861,1,1
1369,3,6825000.0,completed,20241106,,79,218900,1,2
1370,2,2968000.0,completed,20240629,,79,97276,2,1
1371,3,4767000.0,completed,20240722,,79,19348,3,1
1372,2,1466000.0,completed,20240826,,79,188916,2,1
1373,1,1263000.0,completed,20240816,,79,191322,1,2
1374,2,2034000.0,completed,20241104,,79,209595,1,2
1375,1,526000.0,completed,20241025,,79,140107,2,1
1376,1,1029000.0,completed,20240903,,79,118544,2,2
1377,2,13634000.0,completed,20240801,,79,152332,3,1
1378,2,1052000.0,cancelled,20240929,,79,151322,3,2
1379,2,4470000.0,completed,20240602,,79,128096,3,2
1380,2,3248000.0,completed,20240831,,79,89447,3,2
1381,2,4039400.0,completed,20240411,2.0,79,168993,2,2
1382,3,7794000.0,cancelled,20241105,,79,227741,2,2
1383,1,3452000.0,completed,20240922,,79,244415,3,2
1384,3,891000.0,completed,20241004,1.0,79,91515,1,2
1385,3,9342000.0,completed,20241108,,79,194798,3,1
1386,3,3897000.0,completed,20240319,,79,175220,1,1
1387,2,2626000.0,completed,20241024,,79,219422,1,1
1388,1,1630000.0,completed,20241014,,79,703,2,1
1389,2,3828000.0,completed,20241103,,79,124330,1,1
1390,2,1594000.0,completed,20241018,,79,168437,2,1
1391,2,2004000.0,completed,20240707,,79,237104,2,2
1392,1,526000.0,completed,20240517,,79,271409,3,2
1393,3,3834000.0,completed,20241104,,79,149984,3,1
1394,1,1369000.0,completed,20241011,,79,191287,3,2
1395,2,32756000.0,completed,20240824,,79,178063,2,1
1396,1,1833000.0,completed,20240526,,79,91595,1,2
1397,1,849000.0,cancelled,20240928,,79,183081,1,2
1398,3,2061000.0,completed,20240324,,79,659,2,2
1399,3,3570000.0,completed,20241009,,79,182419,2,2
1400,3,4890000.0,completed,20241111,,79,173607,2,1
1401,2,8046000.0,completed,20240612,,79,181492,2,2
1402,2,14288000.0,completed,20240411,,79,196116,2,1
1403,1,1630000.0,completed,20241111,,79,218163,3,1
1404,2,3406000.0,cancelled,20240527,,79,241631,1,1
1405,3,6219000.0,completed,20241009,,79,23613,1,1
1406,2,1052000.0,cancelled,20240908,,79,365781,3,2
1407,3,18735000.0,completed,20240403,,79,234284,3,2
1408,1,526000.0,completed,20240726,,79,71301,3,2
1409,3,4335000.0,completed,20240610,,79,280153,3,1
1410,1,3401000.0,completed,20241011,,79,20692,1,2
1411,2,3260000.0,cancelled,20241017,,79,219694,1,2
1412,1,1850000.0,completed,20240824,,79,215434,2,2
1413,3,6219000.0,completed,20240904,,79,23613,2,1
1414,2,4838000.0,completed,20241016,,79,19968,2,1
1415,2,3842000.0,completed,20240705,,79,199299,2,2
1416,3,1420200.0,completed,20240702,1.0,79,86897,1,2
1417,1,2083000.0,cancelled,20240915,,79,227256,1,2
1418,2,1342000.0,completed,20241020,,79,257616,2,1
1419,1,2427000.0,completed,20241028,,79,19853,1,2
1420,1,2975000.0,cancelled,20241105,,79,236860,3,1
1421,1,852000.0,completed,20241108,,79,141344,3,1
1422,2,3194000.0,cancelled,20240809,,79,260103,1,2
1423,3,4863000.0,completed,20240507,,79,22395,2,2
1424,1,929000.0,completed,20241025,,79,148819,3,2
1425,2,2830000.0,completed,20240307,,79,151581,1,1
1426,1,6621000.0,completed,20241107,,79,189698,3,1
1427,3,5313000.0,completed,20241107,,79,156575,2,1
1428,3,7080000.0,completed,20240830,,79,203119,2,1
1429,2,1962000.0,completed,20240815,,79,210676,2,1
1430,1,6103000.0,completed,20240307,,79,266749,2,2
1431,1,2217000.0,completed,20241104,,79,133102,3,2
1432,1,1280000.0,completed,20241030,,79,96927,3,1
1433,1,1460000.0,completed,20241015,,79,183977,3,2
1434,2,30714000.0,completed,20240807,,79,167910,1,2
1435,3,4494000.0,completed,20241105,,79,175906,1,1
1436,1,867000.0,completed,20240714,,79,104223,1,1
1437,1,3334500.0,completed,20240930,2.0,79,233363,2,2
1438,3,4863000.0,completed,20241024,,79,22395,1,2
1439,1,978000.0,completed,20240701,,79,179341,1,1
1440,3,48351000.0,completed,20241024,,79,145285,1,1
1441,1,526000.0,completed,20241024,,79,271352,3,1
1442,1,2336000.0,completed,20241029,,79,53644,1,1
1443,3,1578000.0,completed,20240924,,79,84706,3,2
1444,1,526000.0,completed,20240808,,79,206757,3,2
1445,3,4521000.0,cancelled,20241021,,79,235588,1,1
1446,1,7685000.0,completed,20240917,,79,197658,2,1
1447,3,4020000.0,completed,20240620,,79,198103,1,1
1448,3,19197000.0,completed,20241104,,79,51685,1,1
1449,1,1890000.0,completed,20240516,,79,192497,2,1
1450,1,526000.0,completed,20241109,,79,89739,3,2
1451,1,650000.0,completed,20240531,,79,231206,3,2
1452,3,4890000.0,completed,20240924,,79,143832,3,1
1453,1,2027000.0,completed,20240803,,79,107382,1,2
1454,2,2866000.0,cancelled,20241110,,79,267376,2,2
1455,2,12252000.0,completed,20240929,,79,168422,1,1
1456,3,2568000.0,completed,20240802,,79,191179,3,1
1457,1,9294000.0,completed,20241027,,79,170750,2,1
1458,3,158676600.0,completed,20240403,2.0,79,1151691,2,1
1459,2,1938000.0,completed,20241111,,79,47407,2,2
1460,2,6738000.0,completed,20240608,,79,247502,1,2
1461,1,643500.0,completed,20241024,1.0,79,243026,1,1
1462,1,1412000.0,completed,20240920,,79,266448,2,1
1463,3,1578000.0,completed,20240323,,79,202103,1,1
1464,1,829000.0,completed,20240831,,79,233358,2,2
1465,1,1211000.0,completed,20240401,,79,126891,1,1
1466,1,991000.0,completed,20240916,,79,191710,1,2
1467,2,3979800.0,cancelled,20240725,1.0,79,304699,2,1
1468,3,4645500.0,cancelled,20240513,2.0,79,25119,2,2
1469,1,658350.0,completed,20241025,2.0,79,101236,2,2
1470,3,1578000.0,completed,20241015,,79,271352,2,1
1471,1,2182000.0,completed,20240810,,79,274286,1,1
1472,1,3063000.0,completed,20240807,,79,218822,3,2
1473,1,1630000.0,completed,20240808,,79,219614,3,1
1474,3,4398000.0,completed,20241015,,79,184635,3,1
1475,3,3558600.0,completed,20241024,1.0,79,19771,3,2
1476,2,2163600.0,completed,20240921,1.0,79,31688,3,1
1477,1,774000.0,completed,20241105,,79,85413,2,1
1478,2,1318000.0,completed,20241102,,79,118667,2,2
1479,2,2326000.0,completed,20240903,,79,188735,1,1
1480,3,2331000.0,completed,20240307,,79,142302,3,2
1481,1,2115000.0,completed,20241002,,79,181124,3,1
1482,1,1602000.0,completed,20241109,,79,19646,3,2
1483,2,2750000.0,completed,20240623,,79,191306,2,1
1484,2,1564000.0,completed,20240516,,79,198552,1,2
1485,3,2301000.0,completed,20240714,,79,197263,2,2
1486,2,1352000.0,completed,20240727,,79,75647,1,2
1487,1,764000.0,completed,20240830,,79,85916,3,1
1488,2,7112000.0,completed,20241104,,79,21513,1,1
1489,3,1803000.0,completed,20240819,,79,211630,2,2
1490,2,345600.0,completed,20240530,1.0,79,278439,3,1
1491,3,4722000.0,completed,20240903,,79,38800,1,2
1492,2,5014000.0,cancelled,20240817,,79,23970,2,2
1493,1,2360000.0,completed,20240316,,79,203119,3,1
1494,3,4746000.0,cancelled,20240620,,79,53337,3,1
1495,1,1632000.0,completed,20241106,,79,59155,1,1
1496,3,4890000.0,completed,20240705,,79,141322,1,2
1497,2,1332000.0,completed,20240906,,79,176661,3,1
1498,3,74511000.0,cancelled,20240724,,79,195720,2,2
1499,1,1732800.0,completed,20240416,2.0,79,111207,1,2
1500,2,5874000.0,completed,20241102,,79,53508,2,1
1501,2,5976000.0,completed,20241018,,79,236501,2,1
1502,2,3620000.0,cancelled,20240920,,79,56687,1,2
1503,3,5433000.0,completed,20240728,,79,21378,3,2
1504,2,2326000.0,completed,20241109,,79,115481,2,1
1505,2,1624000.0,completed,20240514,,79,224730,2,2
1506,2,3170000.0,cancelled,20240511,,79,27193,3,2
1507,1,1722350.0,completed,20240524,2.0,79,213294,1,2
1508,2,4724000.0,completed,20240722,,79,262838,1,1
1509,1,1453000.0,cancelled,20241031,,79,112576,3,1
1510,2,1966500.0,completed,20241109,2.0,79,228294,1,2
1511,1,1134000.0,completed,20240813,,79,258196,2,1
1512,1,2013000.0,cancelled,20240915,,79,263415,2,1
1513,2,60534000.0,completed,20240808,,79,161097,1,2
1514,2,2168000.0,completed,20240220,,79,83498,1,1
1515,1,510000.0,completed,20241011,,79,89855,2,1
1516,1,1806000.0,completed,20240728,,79,260360,2,1
1517,3,7335000.0,completed,20240725,,79,181874,2,1
1518,2,4844000.0,completed,20240924,,79,148800,1,2
1519,1,1425000.0,completed,20240518,,79,236604,2,1
1520,3,34014000.0,completed,20240923,,79,23189,1,2
1521,2,20362000.0,completed,20241018,,79,24769,2,2
1522,1,5688000.0,completed,20240817,,79,219239,3,1
1523,3,3033000.0,completed,20240821,,79,46489,1,1
1524,3,8535000.0,completed,20240924,,79,268374,2,1
1525,1,2140000.0,completed,20241028,,79,21771,1,1
1526,2,2734100.0,completed,20240517,2.0,79,200508,3,2
1527,3,1420200.0,completed,20241029,1.0,79,83121,2,2
1528,3,2865000.0,completed,20240430,,79,185004,2,2
1529,2,1730000.0,completed,20240823,,79,256945,1,1
1530,1,1313000.0,cancelled,20240612,,79,125435,3,1
1531,1,1290000.0,completed,20240918,,79,133084,1,1
1532,3,8142000.0,completed,20240901,,79,51121,1,1
1533,1,6564000.0,completed,20240124,,79,365067,1,2
1534,3,2379000.0,completed,20240208,,79,264971,3,2
1535,2,4908000.0,cancelled,20241014,,79,212371,3,1
1536,1,2182000.0,completed,20240830,,79,274286,2,1
1537,1,1302000.0,completed,20240922,,79,209583,3,1
1538,2,6950000.0,completed,20241102,,79,66312,2,2
1539,2,11242000.0,completed,20240826,,79,97464,3,1
1540,2,1052000.0,completed,20240910,,79,178618,1,1
1541,2,6102000.0,completed,20240911,,79,185973,2,1
1542,1,914000.0,completed,20240828,,79,247767,1,2
1543,2,1318000.0,completed,20240411,,79,85815,3,2
1544,1,4293900.0,completed,20240628,1.0,79,51575,1,1
1545,1,2201400.0,completed,20241006,1.0,79,659422,3,1
1546,3,4645500.0,completed,20240809,2.0,79,214353,2,1
1547,2,3604000.0,completed,20241013,,79,190249,3,1
1548,3,1578000.0,completed,20240410,,79,104912,2,1
1549,2,1524000.0,completed,20241030,,79,157609,3,1
1550,2,2122000.0,completed,20241022,,79,144760,1,2
1551,2,1352000.0,completed,20241106,,79,224650,1,1
1552,3,4890000.0,completed,20241101,,79,196313,1,1
1553,1,2921000.0,completed,20240516,,79,168580,2,2
1554,2,2612000.0,completed,20241101,,79,185357,3,2
1555,1,2439000.0,completed,20240923,,79,174335,1,1
1556,3,5862000.0,completed,20240923,,79,145485,2,2
1557,2,5928000.0,completed,20241007,,79,242179,1,2
1558,1,526000.0,cancelled,20240721,,79,282047,2,1
1559,1,2245000.0,cancelled,20241107,,79,221228,2,1
1560,2,4294000.0,completed,20240713,2.0,79,19764,3,1
1561,3,5322000.0,completed,20240803,,79,84865,3,1
1562,1,738000.0,completed,20241111,,79,180930,3,2
1563,3,7722000.0,completed,20241028,,79,198716,3,2
1564,1,2304000.0,completed,20241027,,79,199326,3,2
1565,2,5900000.0,completed,20240301,,79,106377,3,1
1566,3,2446200.0,completed,20241109,1.0,79,82446,2,1
1567,2,15830000.0,completed,20240830,,79,287103,3,1
1568,3,5169000.0,completed,20241015,,79,19531,3,1
1569,1,3489000.0,completed,20241006,,79,24324,3,1
1570,2,3190000.0,completed,20241010,,79,223035,1,2
1571,3,6321000.0,completed,20240715,,79,19162,3,2
1572,3,2979000.0,completed,20240717,,79,51202,2,1
1573,3,2067000.0,completed,20240919,,79,157866,1,1
1574,1,1371000.0,cancelled,20240923,,79,150159,3,1
1575,3,2358000.0,completed,20241020,,79,170789,3,2
1576,3,1578000.0,completed,20241113,,79,184696,2,1
1577,1,2507000.0,completed,20240726,,79,175290,3,2
1578,3,5327100.0,completed,20240220,1.0,79,206796,3,1
1579,1,702000.0,completed,20240929,,79,50365,2,2
1580,2,3700000.0,cancelled,20241015,,79,215434,2,2
1581,2,1658000.0,completed,20240524,,79,98276,3,1
1582,1,1114000.0,completed,20240907,,79,59695,2,2
1583,1,621000.0,completed,20240619,,79,59484,3,1
1584,2,2152000.0,completed,20240811,,79,6979,3,2
1585,3,2811000.0,completed,20241031,,79,188644,1,1
1586,3,2247000.0,completed,20241011,,79,204288,1,1
1587,3,2766000.0,completed,20240917,,79,213766,1,2
1588,3,5499000.0,completed,20241016,,79,91595,1,2
1589,3,4773000.0,completed,20240914,,79,38634,2,2
1590,3,5067000.0,completed,20241104,,79,224828,2,2
1591,1,1899000.0,completed,20241108,,79,259942,2,2
1592,1,10214000.0,completed,20240803,,79,143231,1,1
1593,2,3118000.0,completed,20241020,,79,85355,3,2
1594,1,37903000.0,completed,20240815,,79,140514,2,2
1595,3,52032000.0,completed,20241024,,79,368386,3,2
1596,3,14223000.0,completed,20241103,,79,213416,1,2
1597,1,499700.0,cancelled,20240919,2.0,79,211188,3,2
1598,1,640300.0,completed,20240723,2.0,79,282580,3,1
1599,3,3048000.0,completed,20240729,,79,227778,3,2
1600,1,1005300.0,completed,20240927,1.0,79,88969,1,2
1601,3,4971000.0,completed,20241103,,79,189366,3,1
1602,2,2255300.0,completed,20241104,2.0,79,221260,1,2
1603,1,1563000.0,completed,20240925,,79,175008,1,1
1604,3,12570000.0,completed,20240705,,79,219428,2,1
1605,1,1735000.0,completed,20241013,,79,240705,1,1
1606,1,1938000.0,completed,20240706,,79,231758,3,2
1607,2,2278000.0,completed,20240910,,79,90154,3,2
1608,1,2202000.0,completed,20241023,,79,89193,1,1
1609,2,1052000.0,completed,20240712,,79,118705,2,2
1610,1,1804000.0,completed,20240626,,79,222014,1,1
1611,1,1811000.0,completed,20241102,,79,21378,3,2
1612,2,4918000.0,cancelled,20241110,,79,257746,1,1
1613,2,4796000.0,cancelled,20241010,,79,32014,1,2
1614,3,84918000.0,completed,20240708,,79,195438,3,2
1615,2,4054000.0,completed,20240413,,79,107382,2,2
1616,2,7128000.0,completed,20240906,,79,236561,3,2
1617,1,526000.0,completed,20240419,,79,88972,1,2
1618,1,2431000.0,completed,20240917,,79,52442,3,1
1619,3,1420200.0,completed,20240601,1.0,79,88845,3,2
1620,1,1720000.0,completed,20240905,,79,41102,3,2
1621,2,1492000.0,cancelled,20240427,,79,244277,1,2
1622,2,1446000.0,completed,20241008,,79,108218,2,1
1623,2,1962000.0,completed,20240909,,79,206965,2,1
1624,1,1735000.0,completed,20240826,,79,240705,3,1
1625,1,576000.0,completed,20240930,,79,134553,2,2
1626,3,4176000.0,completed,20241001,,79,22160,1,2
1627,3,3978000.0,completed,20240420,,79,164786,1,1
1628,2,1234000.0,completed,20241024,,79,31653,3,1
1629,3,9066000.0,completed,20241112,,79,173895,1,1
1630,2,1272000.0,completed,20240209,,79,219252,3,1
1631,2,4720000.0,cancelled,20240716,,79,203119,1,1
1632,2,8116000.0,completed,20241010,,79,174182,2,2
1633,3,1578000.0,completed,20241023,,79,24487,3,2
1634,3,2268000.0,completed,20240609,,79,142090,3,2
1635,2,1974000.0,completed,20240807,,79,64255,2,2
1636,2,2820000.0,completed,20240917,,79,225058,3,2
1637,3,3000000.0,completed,20240322,,79,275019,3,1
1638,3,52032000.0,completed,20241005,,79,368386,3,2
1639,3,1977000.0,completed,20241009,,79,118667,2,2
1640,2,3288000.0,completed,20240423,,79,191749,2,2
1641,1,1016000.0,completed,20240427,,79,227778,2,2
1642,3,2973000.0,completed,20241110,,79,152197,1,1
1643,2,1214000.0,completed,20241111,,79,257653,1,1
1644,3,7962900.0,completed,20240809,2.0,79,274029,2,1
1645,2,1234000.0,completed,20240604,,79,218652,2,1
1646,3,6522000.0,completed,20241013,,79,173406,3,2
1647,1,774000.0,completed,20241109,,79,839429,2,2
1648,1,1606000.0,completed,20241106,,79,58817,2,1
1649,2,4890000.0,cancelled,20241106,,79,181874,1,1
1650,2,34118000.0,completed,20240614,,79,207160,1,2
1651,2,34118000.0,completed,20240331,,79,207160,3,2
1652,3,4686000.0,completed,20240916,,79,182889,3,2
1653,3,3939000.0,completed,20241003,,79,219422,1,1
1654,1,808000.0,completed,20240822,,79,58691,2,2
1655,1,3416000.0,completed,20240925,,79,157531,3,2
1656,2,3260000.0,completed,20240915,,79,1934,3,1
1657,2,5374800.0,completed,20241020,1.0,79,144410,2,1
1658,1,1060000.0,completed,20241113,,79,226868,2,2
1659,1,2001650.0,completed,20241026,2.0,79,18885,3,1
1660,2,6044000.0,completed,20240712,,79,173895,2,1
1661,3,4134000.0,completed,20240822,,79,83738,3,1
1662,1,2296000.0,completed,20240611,,79,177962,2,2
1663,1,2170000.0,cancelled,20240629,,79,201016,3,2
1664,1,2891000.0,completed,20240904,,79,119526,1,1
1665,3,4107000.0,completed,20240711,,79,191287,3,2
1666,1,13901000.0,completed,20240611,,79,193727,1,2
1667,2,6110000.0,completed,20240425,,79,180148,3,2
1668,2,2856000.0,completed,20240923,,79,156583,2,2
1669,2,1254000.0,completed,20241014,,79,271328,1,1
1670,2,32282000.0,cancelled,20240907,,79,176770,1,2
1671,3,5067000.0,completed,20240728,,79,224828,1,2
1672,3,2595000.0,cancelled,20241113,,79,256945,2,1
1673,2,7244000.0,completed,20240704,,79,195782,2,1
1674,3,36219000.0,completed,20241009,,79,176589,1,2
1675,1,752000.0,completed,20240704,,79,51092,1,1
1676,3,61565700.0,completed,20241011,2.0,79,353538,3,2
1677,3,57051000.0,cancelled,20241008,,79,188957,1,1
1678,2,22994000.0,completed,20240324,,79,165949,3,2
1679,3,2322000.0,completed,20240316,,79,223967,1,1
1680,3,7389000.0,completed,20240708,,79,78291,1,1
1681,3,6924000.0,cancelled,20240730,,79,87731,1,1
1682,2,6396000.0,completed,20241011,,79,260952,2,2
1683,3,48954000.0,completed,20240913,,79,195331,1,2
1684,3,5481000.0,completed,20240728,,79,160125,1,2
1685,2,5702000.0,completed,20240729,,79,173296,3,1
1686,1,6949000.0,completed,20240423,,79,219417,3,2
1687,1,1989900.0,completed,20240801,1.0,79,304699,1,1
1688,2,3770000.0,completed,20240902,,79,169208,2,1
1689,1,526000.0,cancelled,20241109,,79,98221,1,1
1690,2,1332000.0,completed,20241103,,79,175946,2,2
1691,1,792300.0,cancelled,20241112,2.0,79,268174,1,1
1692,3,4932000.0,completed,20241016,,79,257759,2,1
1693,3,3633000.0,cancelled,20240907,,79,175232,3,1
1694,2,9122000.0,cancelled,20241113,,79,209775,2,2
1695,1,1548500.0,cancelled,20241020,2.0,79,25119,2,2
1696,3,1869600.0,completed,20240822,2.0,79,277053,1,2
1697,2,1630000.0,completed,20241105,,79,151816,2,1
1698,1,2560000.0,completed,20240927,,79,137618,1,1
1699,1,16435000.0,completed,20241104,,79,194392,2,1
1700,2,1554000.0,completed,20241001,,79,142302,1,2
1701,2,4550000.0,completed,20241013,,79,218900,1,2
1702,1,1630000.0,completed,20240817,,79,219694,2,2
1703,2,1052000.0,completed,20241105,,79,43072,2,1
1704,3,1941000.0,completed,20240702,,79,231200,1,1
1705,3,4176000.0,completed,20240729,,79,230939,2,1
1706,2,2652000.0,completed,20241027,,79,164786,2,1
1707,2,3052000.0,cancelled,20240902,,79,150747,3,2
1708,2,10656000.0,completed,20240912,,79,263924,3,1
1709,2,13436000.0,cancelled,20240716,,79,166270,1,1
1710,1,677000.0,completed,20241015,,79,96633,1,2
1711,1,1275000.0,completed,20241111,,79,24824,3,1
1712,3,2004000.0,cancelled,20241112,,79,200839,1,1
1713,1,17059000.0,completed,20241108,,79,205491,1,1
1714,3,29274000.0,cancelled,20240721,,79,382702,3,1
1715,3,5673000.0,completed,20240624,,79,211452,3,2
1716,2,6052000.0,completed,20240418,,79,50371,2,1
1717,2,1310000.0,completed,20240918,,79,236769,2,1
1718,2,3006000.0,completed,20240615,,79,241744,1,1
1719,3,3000000.0,completed,20240907,,79,275019,2,1
1720,1,2172000.0,completed,20241011,,79,226486,1,2
1721,1,611000.0,completed,20241107,,79,185925,3,1
1722,3,2037000.0,completed,20240505,,79,102560,1,2
1723,3,1926000.0,completed,20240903,,79,266878,1,1
1724,2,38446000.0,completed,20240819,,79,208005,1,2
1725,3,2028000.0,completed,20240713,,79,260655,3,1
1726,2,2192000.0,completed,20241017,,79,89180,1,1
1727,3,5520000.0,completed,20241031,,79,88429,2,2
1728,1,526000.0,completed,20241002,,79,98221,1,1
1729,2,5058000.0,completed,20241113,,79,97098,3,2
1730,2,2772000.0,completed,20240912,,79,141676,2,2
1731,2,2566900.0,completed,20240808,2.0,79,39773,1,1
1732,3,23472000.0,completed,20241111,,79,19409,3,1
1733,3,2037000.0,completed,20240903,,79,102560,1,2
1734,2,1682000.0,cancelled,20241025,,79,88764,3,2
1735,3,1578000.0,cancelled,20240709,,79,104993,3,2
1736,3,4335000.0,completed,20240505,,79,280153,2,1
1737,1,1576000.0,completed,20240701,,79,198764,3,1
1738,2,3660000.0,completed,20240620,,79,207921,1,2
1739,2,3260000.0,completed,20240724,,79,258433,1,2
1740,3,1578000.0,completed,20241111,,79,252051,3,2
1741,3,5697000.0,completed,20241109,,79,259942,3,2
1742,3,4890000.0,completed,20240908,,79,148596,1,1
1743,2,8380000.0,cancelled,20241018,,79,219428,3,1
1744,2,2604000.0,completed,20240814,,79,209583,1,1
1745,2,2056000.0,completed,20240912,,79,98735,1,1
1746,1,1420000.0,completed,20240407,,79,231163,3,2
1747,1,808000.0,completed,20240921,,79,223776,2,2
1748,3,8133000.0,cancelled,20240227,,79,283745,3,1
1749,1,1890000.0,completed,20241113,,79,192497,3,1
1750,1,1864800.0,cancelled,20240923,1.0,79,157330,1,2
1751,1,4391000.0,completed,20241028,,79,51171,2,2
1752,3,4071000.0,completed,20240913,,79,224860,2,2
1753,1,2013000.0,completed,20240915,,79,204743,3,1
1754,2,1328000.0,completed,20241111,,79,155846,3,2
1755,3,3288000.0,completed,20240809,,79,246686,1,2
1756,3,3789000.0,completed,20240423,,79,267962,3,2
1757,3,20847000.0,completed,20240331,,79,219417,2,2
1758,1,23567000.0,completed,20240728,,79,140317,2,2
1759,1,631000.0,completed,20240906,,79,277324,2,1
1760,3,68337000.0,completed,20240926,,79,206333,1,2
1761,2,3548000.0,completed,20240509,,79,84865,1,1
1762,2,5156000.0,completed,20240909,,79,284481,1,2
1763,1,803000.0,completed,20240908,,79,191498,1,1
1764,2,2744000.0,completed,20240826,,79,91409,1,1
1765,2,2058000.0,completed,20240203,,79,220816,3,2
1766,1,1384150.0,completed,20241004,2.0,79,271958,2,2
1767,3,4401000.0,cancelled,20240430,1.0,79,23595,1,2
1768,2,1064000.0,completed,20241112,,79,134231,2,2
1769,2,3027600.0,completed,20240730,1.0,79,97099,2,1
1770,1,2262000.0,completed,20240728,,79,21115,2,1
1771,1,510000.0,completed,20240814,,79,262858,1,1
1772,3,1965000.0,completed,20240514,,79,236769,1,1
1773,2,2768300.0,completed,20241001,2.0,79,211047,3,1
1774,3,3417000.0,completed,20241018,,79,95377,2,1
1775,1,2428000.0,completed,20240910,,79,53890,3,2
1776,3,2013000.0,completed,20240821,,79,138992,1,2
1777,2,4550000.0,completed,20240813,,79,218900,2,2
1778,1,1516200.0,completed,20240617,2.0,79,72296,3,1
1779,1,516000.0,completed,20240909,,79,186114,2,2
1780,1,11497000.0,completed,20241102,,79,165923,3,1
1781,3,1578000.0,completed,20241105,,79,169922,1,2
1782,1,846000.0,completed,20241106,,79,180422,2,1
1783,1,650000.0,completed,20240731,,79,231206,2,2
1784,1,671000.0,completed,20241102,,79,171238,3,1
1785,2,1052000.0,completed,20240921,,79,97760,3,1
1786,1,2403000.0,completed,20240713,1.0,79,193027,1,1
1787,1,2311000.0,completed,20240726,,79,189688,3,1
1788,1,617000.0,cancelled,20240903,,79,84726,3,1
1789,3,1578000.0,completed,20241113,,79,163207,3,1
1790,3,5673000.0,cancelled,20240407,,79,273057,1,1
1791,3,16062000.0,completed,20240515,,79,186225,3,2
1792,2,2292000.0,completed,20240607,,79,259439,2,2
1793,2,4742000.0,cancelled,20241005,,79,22268,2,2
1794,2,4408000.0,completed,20241102,,79,168448,2,2
1795,1,1899000.0,completed,20240726,,79,207763,3,1
1796,3,6081000.0,completed,20240921,,79,107382,3,2
1797,3,12366000.0,completed,20240728,,79,229838,1,1
1798,3,1578000.0,cancelled,20240828,,79,56487,3,2
1799,2,1630000.0,completed,20241110,,79,151816,2,1
